[{"model": "contenttypes.contenttype", "pk": 1, "fields": {"app_label": "admin", "model": "logentry"}}, {"model": "contenttypes.contenttype", "pk": 2, "fields": {"app_label": "auth", "model": "permission"}}, {"model": "contenttypes.contenttype", "pk": 3, "fields": {"app_label": "auth", "model": "group"}}, {"model": "contenttypes.contenttype", "pk": 4, "fields": {"app_label": "auth", "model": "user"}}, {"model": "contenttypes.contenttype", "pk": 5, "fields": {"app_label": "contenttypes", "model": "contenttype"}}, {"model": "contenttypes.contenttype", "pk": 6, "fields": {"app_label": "sessions", "model": "session"}}, {"model": "contenttypes.contenttype", "pk": 7, "fields": {"app_label": "sites", "model": "site"}}, {"model": "contenttypes.contenttype", "pk": 8, "fields": {"app_label": "flatpages", "model": "flatpage"}}, {"model": "contenttypes.contenttype", "pk": 9, "fields": {"app_label": "registry", "model": "coach"}}, {"model": "contenttypes.contenttype", "pk": 10, "fields": {"app_label": "registry", "model": "parent"}}, {"model": "contenttypes.contenttype", "pk": 11, "fields": {"app_label": "registry", "model": "rank"}}, {"model": "contenttypes.contenttype", "pk": 12, "fields": {"app_label": "registry", "model": "sport_type"}}, {"model": "contenttypes.contenttype", "pk": 13, "fields": {"app_label": "registry", "model": "sportsman"}}, {"model": "contenttypes.contenttype", "pk": 14, "fields": {"app_label": "registry", "model": "survey"}}, {"model": "contenttypes.contenttype", "pk": 15, "fields": {"app_label": "registry", "model": "umo"}}, {"model": "contenttypes.contenttype", "pk": 16, "fields": {"app_label": "registry", "model": "primary"}}, {"model": "sessions.session", "pk": "oakc54mywtafu9lcd1szg6c2tx74sqwe", "fields": {"session_data": "ODhkMmFjZWIxNTU4YmM4MWQ0OTU0ZGMxNjhmMzNhZTRhMWVkOWUwZjp7Il9hdXRoX3VzZXJfaWQiOiIxIiwiX2F1dGhfdXNlcl9iYWNrZW5kIjoiZGphbmdvLmNvbnRyaWIuYXV0aC5iYWNrZW5kcy5Nb2RlbEJhY2tlbmQiLCJfYXV0aF91c2VyX2hhc2giOiIyYjQ2ZTRjYTk3M2Q5ZDdhNDg5NjE3ZGQyNDM3MjQ1MDJiOWVlZDJiIn0=", "expire_date": "2019-11-21T22:32:16.169Z"}}, {"model": "sessions.session", "pk": "wu70pd7yvcjzo3lf3la7kn8ss1aty0er", "fields": {"session_data": "ODhkMmFjZWIxNTU4YmM4MWQ0OTU0ZGMxNjhmMzNhZTRhMWVkOWUwZjp7Il9hdXRoX3VzZXJfaWQiOiIxIiwiX2F1dGhfdXNlcl9iYWNrZW5kIjoiZGphbmdvLmNvbnRyaWIuYXV0aC5iYWNrZW5kcy5Nb2RlbEJhY2tlbmQiLCJfYXV0aF91c2VyX2hhc2giOiIyYjQ2ZTRjYTk3M2Q5ZDdhNDg5NjE3ZGQyNDM3MjQ1MDJiOWVlZDJiIn0=", "expire_date": "2019-11-30T15:27:41.379Z"}}, {"model": "sites.site", "pk": 1, "fields": {"domain": "example.com", "name": "example.com"}}, {"model": "registry.sport_type", "pk": 1, "fields": {"name": "\u0410\u043a\u0430\u0434\u0435\u043c\u0438\u0447\u0435\u0441\u043a\u0430\u044f \u0433\u0440\u0435\u0431\u043b\u044f"}}, {"model": "registry.rank", "pk": 1, "fields": {"name": "\u0441\u043f\u043e\u0440\u0442\u0438\u0432\u043d\u044b\u0439 ", "rank": 1}}, {"model": "registry.rank", "pk": 2, "fields": {"name": "\u0441\u043f\u043e\u0440\u0442\u0438\u0432\u043d\u044b\u0439 ", "rank": 2}}, {"model": "registry.rank", "pk": 3, "fields": {"name": "\u0441\u043f\u043e\u0440\u0442\u0438\u0432\u043d\u044b\u0439 ", "rank": 3}}, {"model": "registry.rank", "pk": 4, "fields": {"name": "\u044e\u043d\u043e\u0448\u0435\u0441\u043a\u0438\u0439", "rank": 1}}, {"model": "registry.rank", "pk": 5, "fields": {"name": "\u044e\u043d\u043e\u0448\u0435\u0441\u043a\u0438\u0439", "rank": 2}}, {"model": "registry.rank", "pk": 6, "fields": {"name": "\u044e\u043d\u043e\u0448\u0435\u0441\u043a\u0438\u0439", "rank": 3}}, {"model": "registry.coach", "pk": 1, "fields": {"name": "\u0418", "surname": "\u041c\u043e\u0441\u043a\u0430\u043b\u0435\u0432 ", "patronymic": "\u0410", "telephone": null, "sport_type": 1}}, {"model": "registry.coach", "pk": 2, "fields": {"name": "\u0422", "surname": "\u041c\u043e\u0441\u043a\u0430\u043b\u0435\u0432\u0430 ", "patronymic": "\u041c", "telephone": null, "sport_type": 1}}, {"model": "registry.coach", "pk": 3, "fields": {"name": "\u041f\u043e\u0443\u043b\u0438\u043d\u0430 ", "surname": "\u041f\u043e\u0433\u043e\u0441\u043e\u0432\u0430 ", "patronymic": "\u041c\u0438\u0445\u0430\u0439\u043b\u043e\u0432\u043d\u0430", "telephone": null, "sport_type": 1}}, {"model": "registry.coach", "pk": 4, "fields": {"name": "\u0413", "surname": "\u041d\u0430\u0433\u0430\u0435\u0432", "patronymic": "\u0420", "telephone": null, "sport_type": 1}}, {"model": "registry.coach", "pk": 5, "fields": {"name": "\u0420\u043e\u0437\u0430", "surname": "\u0421\u0430\u0444\u0440\u043e\u043d\u043e\u0432\u0430", "patronymic": "\u0410\u043b\u0435\u043a\u0441\u0430\u043d\u0434\u0440\u043e\u0432\u043d\u0430", "telephone": null, "sport_type": 1}}, {"model": "registry.coach", "pk": 6, "fields": {"name": "\u0421\u0435\u0440\u0433\u0435\u0439", "surname": "\u041a\u043e\u0440\u043e\u0432\u0438\u043d", "patronymic": "\u0411\u043e\u0440\u0438\u0441\u043e\u0432\u0438\u0447", "telephone": null, "sport_type": 1}}, {"model": "registry.coach", "pk": 7, "fields": {"name": "\u0415\u0432\u0433\u0435\u043d\u0438\u0439", "surname": "\u041d\u0438\u0432\u0435\u043d\u0438\u0446\u0438\u043d", "patronymic": "\u0410\u043b\u0435\u043a\u0441\u0435\u0432\u0438\u0447", "telephone": null, "sport_type": 1}}, {"model": "registry.coach", "pk": 8, "fields": {"name": "\u041c\u0430\u0440\u0438\u043d\u0430", "surname": "\u0420\u044b\u0431\u0430\u043b\u043a\u043e", "patronymic": "\u0415\u0432\u0433\u0435\u043d\u044c\u0435\u0432\u043d\u0430", "telephone": null, "sport_type": 1}}, {"model": "registry.coach", "pk": 9, "fields": {"name": "\u041c", "surname": "\u0412\u0430\u043b\u0443\u0435\u0432 ", "patronymic": "\u042e", "telephone": null, "sport_type": 1}}, {"model": "registry.coach", "pk": 10, "fields": {"name": "\u0415\u0432\u0433\u0435\u043d\u0438\u0439", "surname": "\u0411\u0430\u0440\u0431\u0430\u043a\u043e\u043e\u0432", "patronymic": "\u0410\u043b\u0435\u043a\u0441\u0430\u043d\u0434\u0440\u043e\u0432\u0438\u0447", "telephone": null, "sport_type": 1}}, {"model": "registry.coach", "pk": 11, "fields": {"name": "\u0415\u0432\u0433\u0435\u043d\u0438\u0439", "surname": "\u0425\u0430\u0432\u0435\u043d\u0438\u0446\u044b\u043d", "patronymic": "\u0410\u043b\u0435\u043a\u0441\u0435\u0435\u0432\u0438\u0447", "telephone": null, "sport_type": 1}}, {"model": "registry.coach", "pk": 12, "fields": {"name": "\u0415", "surname": "\u042f\u043b\u0441\u043a\u043e\u0432\u0430", "patronymic": "\u0410", "telephone": null, "sport_type": 1}}, {"model": "registry.coach", "pk": 13, "fields": {"name": "\u0410", "surname": "\u0421\u0442\u0435\u043f\u0430\u043d\u0446\u0435", "patronymic": "\u0421", "telephone": null, "sport_type": 1}}, {"model": "registry.coach", "pk": 14, "fields": {"name": "\u0420\u043e\u043c\u0430\u043d", "surname": "\u041a\u0440\u0430\u0441\u043b\u044b\u0448\u043a\u043e\u0432", "patronymic": "\u0412\u043b\u0430\u0434\u0438\u043c\u0438\u0440\u043e\u0432\u0438\u0447", "telephone": null, "sport_type": 1}}, {"model": "registry.coach", "pk": 15, "fields": {"name": "\u0410\u043d\u0430\u0442\u043e\u043b\u0438\u0439", "surname": "\u0423\u0441\u043c\u0430\u043d\u043e\u0432", "patronymic": "\u0410\u043d\u0430\u0442\u043e\u043b\u044c\u0435\u0432\u0438\u0447", "telephone": null, "sport_type": 1}}, {"model": "registry.coach", "pk": 16, "fields": {"name": "\u041d", "surname": "\u0411", "patronymic": "\u0412\u043b\u0430\u0434\u0438\u043c\u0438\u0440\u043e\u0432\u0438\u0447", "telephone": null, "sport_type": 1}}, {"model": "registry.coach", "pk": 17, "fields": {"name": "\u0412", "surname": "\u041b", "patronymic": "\u0410", "telephone": null, "sport_type": 1}}, {"model": "registry.coach", "pk": 18, "fields": {"name": "\u042e", "surname": "\u0412", "patronymic": "\u041b", "telephone": null, "sport_type": 1}}, {"model": "registry.coach", "pk": 19, "fields": {"name": "\u041e", "surname": "\u0414", "patronymic": "\u042d", "telephone": null, "sport_type": 1}}, {"model": "registry.coach", "pk": 20, "fields": {"name": "\u0410", "surname": "\u041b", "patronymic": "\u041f", "telephone": null, "sport_type": 1}}, {"model": "registry.sportsman", "pk": 1, "fields": {"name": "\u0415\u0432\u0433\u0435\u043d\u0438\u0439", "surname": "\u041a\u0438\u0449\u0435\u043d\u043a\u043e", "patronymic": "\u0410\u043d\u0434\u0440\u0435\u0435\u0432\u0438\u0447", "date_of_birth": "2004-04-26", "gender": "\u0416", "location": "", "telephone": null, "sports_facility": "\u0421\u0428\u041e\u0420 5", "swimming_skills": true, "school_progress": "\u0425\u043e\u0440.", "sport_desire": true, "coach": 2, "parent": null, "sport_type": 1, "rank": null}}, {"model": "registry.sportsman", "pk": 2, "fields": {"name": null, "surname": null, "patronymic": null, "date_of_birth": "2004-11-04", "gender": "\u0416", "location": null, "telephone": null, "sports_facility": "\u0414\u043e\u043c \u0442\u0430\u043d\u0446\u0430\"\u041a\u0443\u0432\u044b\u0440\u043a\u043e\u043c\"", "swimming_skills": true, "school_progress": "\u0425\u043e\u0440.", "sport_desire": true, "coach": 3, "parent": null, "sport_type": 1, "rank": null}}, {"model": "registry.sportsman", "pk": 3, "fields": {"name": null, "surname": null, "patronymic": null, "date_of_birth": "2002-01-21", "gender": "\u0416", "location": "", "telephone": "89", "sports_facility": "\u0421\u0428\u041e\u0420 5", "swimming_skills": true, "school_progress": "\u0425\u043e\u0440.", "sport_desire": true, "coach": 1, "parent": null, "sport_type": 1, "rank": null}}, {"model": "registry.sportsman", "pk": 4, "fields": {"name": null, "surname": null, "patronymic": null, "date_of_birth": "2004-09-01", "gender": "\u0416", "location": null, "telephone": null, "sports_facility": "\u0423\u0447\u0438\u043b\u0438\u0449\u0435 \u041e\u043b\u0438\u043c\u043f\u0438\u0439\u0441\u043a\u043e\u0433\u043e \u0420\u0435\u0437\u0435\u0440\u0432\u0430", "swimming_skills": true, "school_progress": "\u0425\u043e\u0440.", "sport_desire": true, "coach": 4, "parent": null, "sport_type": 1, "rank": null}}, {"model": "registry.sportsman", "pk": 5, "fields": {"name": null, "surname": null, "patronymic": null, "date_of_birth": "2005-01-19", "gender": "\u0416", "location": null, "telephone": null, "sports_facility": "\u0421\u0428\u041e\u0420 5", "swimming_skills": true, "school_progress": "\u0425\u043e\u0440.", "sport_desire": true, "coach": 2, "parent": null, "sport_type": 1, "rank": null}}, {"model": "registry.sportsman", "pk": 6, "fields": {"name": null, "surname": null, "patronymic": null, "date_of_birth": "2004-07-11", "gender": "\u0416", "location": null, "telephone": null, "sports_facility": "\u0421\u0428\u041e\u0420 5", "swimming_skills": true, "school_progress": "\u0425\u043e\u0440.", "sport_desire": true, "coach": 1, "parent": null, "sport_type": 1, "rank": null}}, {"model": "registry.sportsman", "pk": 7, "fields": {"name": null, "surname": null, "patronymic": null, "date_of_birth": "2004-06-16", "gender": "\u0416", "location": null, "telephone": null, "sports_facility": "\u0423\u0447\u0438\u043b\u0438\u0449\u0435 \u041e\u043b\u0438\u043c\u043f\u0438\u0439\u0441\u043a\u043e\u0433\u043e \u0420\u0435\u0437\u0435\u0440\u0432\u0430", "swimming_skills": true, "school_progress": "\u0423\u0434\u043e\u0432", "sport_desire": true, "coach": 4, "parent": null, "sport_type": 1, "rank": null}}, {"model": "registry.sportsman", "pk": 8, "fields": {"name": null, "surname": null, "patronymic": null, "date_of_birth": "2004-11-15", "gender": "\u041c", "location": null, "telephone": null, "sports_facility": "\u0421\u0428\u041e\u0420 5", "swimming_skills": true, "school_progress": "\u0425\u043e\u0440.", "sport_desire": true, "coach": 2, "parent": null, "sport_type": 1, "rank": null}}, {"model": "registry.sportsman", "pk": 9, "fields": {"name": null, "surname": null, "patronymic": null, "date_of_birth": "2003-09-09", "gender": "\u041c", "location": null, "telephone": null, "sports_facility": "\u0414\u042e\u0421\u0428\u041e\u0420 8", "swimming_skills": true, "school_progress": "\u0423\u0434\u043e\u0432", "sport_desire": true, "coach": 5, "parent": null, "sport_type": 1, "rank": null}}, {"model": "registry.sportsman", "pk": 10, "fields": {"name": null, "surname": null, "patronymic": null, "date_of_birth": "2004-01-22", "gender": "\u041c", "location": null, "telephone": null, "sports_facility": "\u0423\u0447\u0438\u043b\u0438\u0449\u0435 \u041e\u043b\u0438\u043c\u043f\u0438\u0439\u0441\u043a\u043e\u0433\u043e \u0420\u0435\u0437\u0435\u0440\u0432\u0430", "swimming_skills": true, "school_progress": "\u0425\u043e\u0440.", "sport_desire": true, "coach": 6, "parent": null, "sport_type": 1, "rank": null}}, {"model": "registry.sportsman", "pk": 11, "fields": {"name": null, "surname": null, "patronymic": null, "date_of_birth": "2004-03-02", "gender": "\u041c", "location": null, "telephone": null, "sports_facility": "\u0423\u0447\u0438\u043b\u0438\u0449\u0435 \u041e\u043b\u0438\u043c\u043f\u0438\u0439\u0441\u043a\u043e\u0433\u043e \u0420\u0435\u0437\u0435\u0440\u0432\u0430", "swimming_skills": true, "school_progress": "\u0423\u0434\u043e\u0432", "sport_desire": true, "coach": 7, "parent": null, "sport_type": 1, "rank": null}}, {"model": "registry.sportsman", "pk": 12, "fields": {"name": null, "surname": null, "patronymic": null, "date_of_birth": "2003-10-21", "gender": "\u041c", "location": null, "telephone": null, "sports_facility": null, "swimming_skills": true, "school_progress": "\u0423\u0434\u043e\u0432", "sport_desire": true, "coach": 8, "parent": null, "sport_type": 1, "rank": null}}, {"model": "registry.sportsman", "pk": 13, "fields": {"name": null, "surname": null, "patronymic": null, "date_of_birth": "2004-03-26", "gender": "\u041c", "location": null, "telephone": null, "sports_facility": "\u041c\u041e\u0423\u0414\u041e\"\u0413\u0440\u0435\u0431\u043d\u043e\u0439 \u043a\u0430\u043d\u0430\u043b \u0414\u043e\u043d\"", "swimming_skills": true, "school_progress": "\u0425\u043e\u0440.", "sport_desire": true, "coach": 9, "parent": null, "sport_type": 1, "rank": null}}, {"model": "registry.sportsman", "pk": 14, "fields": {"name": null, "surname": null, "patronymic": null, "date_of_birth": "2004-04-21", "gender": "\u041c", "location": null, "telephone": null, "sports_facility": "\u0426\u0421\u041a\u0410", "swimming_skills": true, "school_progress": "\u0423\u0434\u043e\u0432", "sport_desire": true, "coach": 10, "parent": null, "sport_type": 1, "rank": null}}, {"model": "registry.sportsman", "pk": 15, "fields": {"name": null, "surname": null, "patronymic": null, "date_of_birth": "2005-01-14", "gender": "\u041c", "location": null, "telephone": null, "sports_facility": "\u0423\u0447\u0438\u043b\u0438\u0449\u0435 \u041e\u043b\u0438\u043c\u043f\u0438\u0439\u0441\u043a\u043e\u0433\u043e \u0420\u0435\u0437\u0435\u0440\u0432\u0430", "swimming_skills": true, "school_progress": "\u0425\u043e\u0440.", "sport_desire": true, "coach": 7, "parent": null, "sport_type": 1, "rank": null}}, {"model": "registry.sportsman", "pk": 16, "fields": {"name": null, "surname": null, "patronymic": null, "date_of_birth": "2004-06-01", "gender": "\u041c", "location": null, "telephone": null, "sports_facility": "\u0423\u0447\u0438\u043b\u0438\u0449\u0435 \u041e\u043b\u0438\u043c\u043f\u0438\u0439\u0441\u043a\u043e\u0433\u043e \u0420\u0435\u0437\u0435\u0440\u0432\u0430", "swimming_skills": true, "school_progress": "\u0425\u043e\u0440.", "sport_desire": true, "coach": 11, "parent": null, "sport_type": 1, "rank": null}}, {"model": "registry.sportsman", "pk": 17, "fields": {"name": null, "surname": null, "patronymic": null, "date_of_birth": "2004-06-23", "gender": "\u041c", "location": null, "telephone": null, "sports_facility": "\u0421\u0428\u041e\u0420 5", "swimming_skills": true, "school_progress": "\u0423\u0434\u043e\u0432", "sport_desire": true, "coach": 12, "parent": null, "sport_type": 1, "rank": null}}, {"model": "registry.sportsman", "pk": 18, "fields": {"name": null, "surname": null, "patronymic": null, "date_of_birth": "2004-08-13", "gender": "\u041c", "location": null, "telephone": null, "sports_facility": null, "swimming_skills": true, "school_progress": "\u0423\u0434\u043e\u0432", "sport_desire": true, "coach": 13, "parent": null, "sport_type": 1, "rank": null}}, {"model": "registry.sportsman", "pk": 19, "fields": {"name": null, "surname": null, "patronymic": null, "date_of_birth": "2004-07-15", "gender": "\u041c", "location": null, "telephone": null, "sports_facility": "\u0413\u0411\u041e\u0423 \u0420\u041e\"\u0420\u043e\u0441\u0442\u043e\u0432\u0441\u043a\u0430\u044f-\u043d\u0430-\u0414\u043e\u043d\u0443 \u0428\u043a\u043e\u043b\u0430 -\u0438\u043d\u0442\u0435\u0440\u043d\u0430\u0442\"", "swimming_skills": true, "school_progress": "\u041e\u0442\u043b.", "sport_desire": true, "coach": 15, "parent": null, "sport_type": 1, "rank": null}}, {"model": "registry.sportsman", "pk": 20, "fields": {"name": null, "surname": null, "patronymic": null, "date_of_birth": "2004-03-04", "gender": "\u041c", "location": null, "telephone": null, "sports_facility": "\u0413\u0411\u041e\u0423 \u0420\u041e\"\u0420\u043e\u0441\u0442\u043e\u0432\u0441\u043a\u0430\u044f-\u043d\u0430-\u0414\u043e\u043d\u0443 \u0428\u043a\u043e\u043b\u0430 -\u0438\u043d\u0442\u0435\u0440\u043d\u0430\u0442\"", "swimming_skills": true, "school_progress": "\u0425\u043e\u0440.", "sport_desire": true, "coach": 14, "parent": null, "sport_type": 1, "rank": null}}, {"model": "registry.sportsman", "pk": 21, "fields": {"name": null, "surname": null, "patronymic": null, "date_of_birth": "2004-07-11", "gender": "\u041c", "location": null, "telephone": null, "sports_facility": "\u0413\u0411\u041e\u0423 \u0420\u041e\"\u0420\u043e\u0441\u0442\u043e\u0432\u0441\u043a\u0430\u044f-\u043d\u0430-\u0414\u043e\u043d\u0443 \u0428\u043a\u043e\u043b\u0430 -\u0438\u043d\u0442\u0435\u0440\u043d\u0430\u0442\"", "swimming_skills": true, "school_progress": "\u0423\u0434\u043e\u0432", "sport_desire": true, "coach": 15, "parent": null, "sport_type": 1, "rank": null}}, {"model": "registry.sportsman", "pk": 22, "fields": {"name": null, "surname": null, "patronymic": null, "date_of_birth": "2004-04-24", "gender": "\u041c", "location": null, "telephone": null, "sports_facility": "\u0413\u0411\u041e\u0423 \u0420\u041e\"\u0420\u043e\u0441\u0442\u043e\u0432\u0441\u043a\u0430\u044f-\u043d\u0430-\u0414\u043e\u043d\u0443 \u0428\u043a\u043e\u043b\u0430 -\u0438\u043d\u0442\u0435\u0440\u043d\u0430\u0442\"", "swimming_skills": true, "school_progress": "\u0425\u043e\u0440.", "sport_desire": true, "coach": 15, "parent": null, "sport_type": 1, "rank": null}}, {"model": "registry.sportsman", "pk": 23, "fields": {"name": null, "surname": null, "patronymic": null, "date_of_birth": "2004-08-24", "gender": "\u041c", "location": null, "telephone": null, "sports_facility": "\u0413\u0411\u041e\u0423 \u0420\u041e\"\u0420\u043e\u0441\u0442\u043e\u0432\u0441\u043a\u0430\u044f-\u043d\u0430-\u0414\u043e\u043d\u0443 \u0428\u043a\u043e\u043b\u0430 -\u0438\u043d\u0442\u0435\u0440\u043d\u0430\u0442\"", "swimming_skills": true, "school_progress": "\u0423\u0434\u043e\u0432", "sport_desire": true, "coach": 15, "parent": null, "sport_type": 1, "rank": null}}, {"model": "registry.sportsman", "pk": 24, "fields": {"name": null, "surname": null, "patronymic": null, "date_of_birth": "2003-06-10", "gender": "\u041c", "location": null, "telephone": null, "sports_facility": "\u0413\u0411\u041e\u0423 \u0420\u041e\"\u0420\u043e\u0441\u0442\u043e\u0432\u0441\u043a\u0430\u044f-\u043d\u0430-\u0414\u043e\u043d\u0443 \u0428\u043a\u043e\u043b\u0430 -\u0438\u043d\u0442\u0435\u0440\u043d\u0430\u0442\"", "swimming_skills": true, "school_progress": "\u0423\u0434\u043e\u0432", "sport_desire": true, "coach": 15, "parent": null, "sport_type": 1, "rank": null}}, {"model": "registry.sportsman", "pk": 25, "fields": {"name": null, "surname": null, "patronymic": null, "date_of_birth": "2005-10-03", "gender": "\u041c", "location": null, "telephone": null, "sports_facility": "\u0413\u0411\u041e\u0423 \u0420\u041e\"\u0420\u043e\u0441\u0442\u043e\u0432\u0441\u043a\u0430\u044f-\u043d\u0430-\u0414\u043e\u043d\u0443 \u0428\u043a\u043e\u043b\u0430 -\u0438\u043d\u0442\u0435\u0440\u043d\u0430\u0442\"", "swimming_skills": true, "school_progress": "\u0423\u0434\u043e\u0432", "sport_desire": true, "coach": 15, "parent": null, "sport_type": 1, "rank": null}}, {"model": "registry.sportsman", "pk": 26, "fields": {"name": null, "surname": null, "patronymic": null, "date_of_birth": "2005-06-09", "gender": "\u041c", "location": null, "telephone": null, "sports_facility": "\u0413\u0411\u041e\u0423 \u0420\u041e\"\u0420\u043e\u0441\u0442\u043e\u0432\u0441\u043a\u0430\u044f-\u043d\u0430-\u0414\u043e\u043d\u0443 \u0428\u043a\u043e\u043b\u0430 -\u0438\u043d\u0442\u0435\u0440\u043d\u0430\u0442\"", "swimming_skills": true, "school_progress": "\u0423\u0434\u043e\u0432", "sport_desire": true, "coach": 15, "parent": null, "sport_type": 1, "rank": null}}, {"model": "registry.sportsman", "pk": 27, "fields": {"name": null, "surname": null, "patronymic": null, "date_of_birth": "2005-08-23", "gender": "\u041c", "location": null, "telephone": null, "sports_facility": "\u0413\u0411\u041e\u0423 \u0420\u041e\"\u0420\u043e\u0441\u0442\u043e\u0432\u0441\u043a\u0430\u044f-\u043d\u0430-\u0414\u043e\u043d\u0443 \u0428\u043a\u043e\u043b\u0430 -\u0438\u043d\u0442\u0435\u0440\u043d\u0430\u0442\"", "swimming_skills": true, "school_progress": "\u0423\u0434\u043e\u0432", "sport_desire": true, "coach": 15, "parent": null, "sport_type": 1, "rank": null}}, {"model": "registry.sportsman", "pk": 28, "fields": {"name": null, "surname": null, "patronymic": null, "date_of_birth": "2003-10-15", "gender": "\u0416", "location": null, "telephone": null, "sports_facility": "\u0413\u0411\u041e\u0423 \u0420\u041e\"\u0420\u043e\u0441\u0442\u043e\u0432\u0441\u043a\u0430\u044f-\u043d\u0430-\u0414\u043e\u043d\u0443 \u0428\u043a\u043e\u043b\u0430 -\u0438\u043d\u0442\u0435\u0440\u043d\u0430\u0442\"", "swimming_skills": true, "school_progress": "\u0425\u043e\u0440.", "sport_desire": true, "coach": 15, "parent": null, "sport_type": 1, "rank": null}}, {"model": "registry.sportsman", "pk": 29, "fields": {"name": null, "surname": null, "patronymic": null, "date_of_birth": "2004-11-04", "gender": "\u0416", "location": null, "telephone": null, "sports_facility": "\u0413\u0411\u041e\u0423 \u0420\u041e\"\u0420\u043e\u0441\u0442\u043e\u0432\u0441\u043a\u0430\u044f-\u043d\u0430-\u0414\u043e\u043d\u0443 \u0428\u043a\u043e\u043b\u0430 -\u0438\u043d\u0442\u0435\u0440\u043d\u0430\u0442\"", "swimming_skills": true, "school_progress": "\u0425\u043e\u0440.", "sport_desire": true, "coach": 15, "parent": null, "sport_type": 1, "rank": null}}, {"model": "registry.sportsman", "pk": 30, "fields": {"name": null, "surname": null, "patronymic": null, "date_of_birth": "2005-07-22", "gender": "\u0416", "location": null, "telephone": null, "sports_facility": null, "swimming_skills": true, "school_progress": "\u0423\u0434\u043e\u0432", "sport_desire": true, "coach": 15, "parent": null, "sport_type": 1, "rank": null}}, {"model": "registry.sportsman", "pk": 31, "fields": {"name": null, "surname": null, "patronymic": null, "date_of_birth": "2005-01-13", "gender": "\u0416", "location": null, "telephone": null, "sports_facility": "\u0413\u0411\u041e\u0423 \u0420\u041e\"\u0420\u043e\u0441\u0442\u043e\u0432\u0441\u043a\u0430\u044f-\u043d\u0430-\u0414\u043e\u043d\u0443 \u0428\u043a\u043e\u043b\u0430 -\u0438\u043d\u0442\u0435\u0440\u043d\u0430\u0442\"", "swimming_skills": true, "school_progress": "\u0423\u0434\u043e\u0432", "sport_desire": true, "coach": 16, "parent": null, "sport_type": 1, "rank": null}}, {"model": "registry.sportsman", "pk": 32, "fields": {"name": null, "surname": "\u042f \u042f0074", "patronymic": null, "date_of_birth": "2003-01-27", "gender": "\u041c", "location": null, "telephone": null, "sports_facility": null, "swimming_skills": false, "school_progress": null, "sport_desire": false, "coach": 17, "parent": null, "sport_type": 1, "rank": null}}, {"model": "registry.sportsman", "pk": 33, "fields": {"name": null, "surname": "\u04110075", "patronymic": null, "date_of_birth": "2002-07-21", "gender": "\u041c", "location": null, "telephone": null, "sports_facility": null, "swimming_skills": false, "school_progress": null, "sport_desire": false, "coach": 17, "parent": null, "sport_type": 1, "rank": null}}, {"model": "registry.sportsman", "pk": 34, "fields": {"name": null, "surname": "\u04200038", "patronymic": null, "date_of_birth": "1999-01-02", "gender": "\u041c", "location": null, "telephone": null, "sports_facility": null, "swimming_skills": false, "school_progress": null, "sport_desire": false, "coach": 17, "parent": null, "sport_type": 1, "rank": null}}, {"model": "registry.sportsman", "pk": 35, "fields": {"name": null, "surname": "\u041c0076", "patronymic": null, "date_of_birth": "2002-02-03", "gender": "\u041c", "location": null, "telephone": null, "sports_facility": null, "swimming_skills": false, "school_progress": null, "sport_desire": false, "coach": 17, "parent": null, "sport_type": 1, "rank": null}}, {"model": "registry.sportsman", "pk": 36, "fields": {"name": null, "surname": "\u04120026", "patronymic": null, "date_of_birth": "2001-03-01", "gender": "\u041c", "location": null, "telephone": null, "sports_facility": null, "swimming_skills": false, "school_progress": null, "sport_desire": false, "coach": 17, "parent": null, "sport_type": 1, "rank": null}}, {"model": "registry.sportsman", "pk": 37, "fields": {"name": null, "surname": "\u04210039", "patronymic": null, "date_of_birth": "1999-04-18", "gender": "\u041c", "location": null, "telephone": null, "sports_facility": null, "swimming_skills": false, "school_progress": null, "sport_desire": false, "coach": 17, "parent": null, "sport_type": 1, "rank": null}}, {"model": "registry.sportsman", "pk": 38, "fields": {"name": null, "surname": "\u04250043 ", "patronymic": null, "date_of_birth": "2000-10-11", "gender": "\u041c", "location": null, "telephone": null, "sports_facility": null, "swimming_skills": false, "school_progress": null, "sport_desire": false, "coach": 17, "parent": null, "sport_type": 1, "rank": null}}, {"model": "registry.sportsman", "pk": 39, "fields": {"name": null, "surname": "\u04140029", "patronymic": null, "date_of_birth": "1999-12-17", "gender": "\u041c", "location": null, "telephone": null, "sports_facility": null, "swimming_skills": false, "school_progress": null, "sport_desire": false, "coach": 17, "parent": null, "sport_type": 1, "rank": null}}, {"model": "registry.sportsman", "pk": 40, "fields": {"name": null, "surname": "\u041f0046", "patronymic": null, "date_of_birth": "1996-07-22", "gender": "\u041c", "location": null, "telephone": null, "sports_facility": null, "swimming_skills": false, "school_progress": null, "sport_desire": false, "coach": 17, "parent": null, "sport_type": 1, "rank": null}}, {"model": "registry.sportsman", "pk": 41, "fields": {"name": null, "surname": "\u041c0016", "patronymic": null, "date_of_birth": "2001-03-16", "gender": "\u0416", "location": null, "telephone": null, "sports_facility": null, "swimming_skills": false, "school_progress": null, "sport_desire": false, "coach": 4, "parent": null, "sport_type": 1, "rank": null}}, {"model": "registry.sportsman", "pk": 42, "fields": {"name": null, "surname": "\u041c0017", "patronymic": null, "date_of_birth": "2000-02-16", "gender": "\u0416", "location": null, "telephone": null, "sports_facility": null, "swimming_skills": false, "school_progress": null, "sport_desire": false, "coach": 4, "parent": null, "sport_type": 1, "rank": null}}, {"model": "registry.sportsman", "pk": 43, "fields": {"name": null, "surname": "\u04140015", "patronymic": null, "date_of_birth": "2000-07-09", "gender": "\u0416", "location": null, "telephone": null, "sports_facility": null, "swimming_skills": false, "school_progress": null, "sport_desire": false, "coach": 4, "parent": null, "sport_type": 1, "rank": null}}, {"model": "registry.sportsman", "pk": 44, "fields": {"name": null, "surname": "\u04210021", "patronymic": null, "date_of_birth": "2000-12-01", "gender": "\u0416", "location": null, "telephone": null, "sports_facility": null, "swimming_skills": false, "school_progress": null, "sport_desire": false, "coach": 4, "parent": null, "sport_type": 1, "rank": null}}, {"model": "registry.sportsman", "pk": 45, "fields": {"name": null, "surname": "\u04200020", "patronymic": null, "date_of_birth": "1999-07-28", "gender": "\u0416", "location": null, "telephone": null, "sports_facility": null, "swimming_skills": false, "school_progress": null, "sport_desire": false, "coach": 4, "parent": null, "sport_type": 1, "rank": null}}, {"model": "registry.sportsman", "pk": 46, "fields": {"name": null, "surname": "\u04270077", "patronymic": null, "date_of_birth": "2003-03-11", "gender": "\u041c", "location": null, "telephone": null, "sports_facility": null, "swimming_skills": false, "school_progress": null, "sport_desire": false, "coach": 18, "parent": null, "sport_type": 1, "rank": null}}, {"model": "registry.sportsman", "pk": 47, "fields": {"name": null, "surname": "\u0413 \u04130078", "patronymic": null, "date_of_birth": "2002-03-21", "gender": "\u041c", "location": null, "telephone": null, "sports_facility": null, "swimming_skills": false, "school_progress": null, "sport_desire": false, "coach": 18, "parent": null, "sport_type": 1, "rank": null}}, {"model": "registry.sportsman", "pk": 48, "fields": {"name": null, "surname": "\u04210041", "patronymic": null, "date_of_birth": "2000-01-27", "gender": "\u041c", "location": null, "telephone": null, "sports_facility": null, "swimming_skills": false, "school_progress": null, "sport_desire": false, "coach": 18, "parent": null, "sport_type": 1, "rank": null}}, {"model": "registry.sportsman", "pk": 49, "fields": {"name": null, "surname": "\u041f0036", "patronymic": null, "date_of_birth": "2000-04-13", "gender": "\u041c", "location": null, "telephone": null, "sports_facility": null, "swimming_skills": false, "school_progress": null, "sport_desire": false, "coach": 18, "parent": null, "sport_type": 1, "rank": null}}, {"model": "registry.sportsman", "pk": 50, "fields": {"name": null, "surname": "\u041d0079", "patronymic": null, "date_of_birth": "2002-12-11", "gender": "\u0416", "location": null, "telephone": null, "sports_facility": null, "swimming_skills": false, "school_progress": null, "sport_desire": false, "coach": 19, "parent": null, "sport_type": 1, "rank": null}}, {"model": "registry.sportsman", "pk": 51, "fields": {"name": null, "surname": "\u04160080", "patronymic": null, "date_of_birth": "2002-05-08", "gender": "\u0416", "location": null, "telephone": null, "sports_facility": null, "swimming_skills": false, "school_progress": null, "sport_desire": false, "coach": 19, "parent": null, "sport_type": 1, "rank": null}}, {"model": "registry.sportsman", "pk": 52, "fields": {"name": null, "surname": "\u041a0073", "patronymic": null, "date_of_birth": "2002-05-30", "gender": "\u0416", "location": null, "telephone": null, "sports_facility": null, "swimming_skills": false, "school_progress": null, "sport_desire": false, "coach": 19, "parent": null, "sport_type": 1, "rank": null}}, {"model": "registry.sportsman", "pk": 53, "fields": {"name": null, "surname": "\u04210081", "patronymic": null, "date_of_birth": "2002-04-08", "gender": "\u0416", "location": null, "telephone": null, "sports_facility": null, "swimming_skills": false, "school_progress": null, "sport_desire": false, "coach": 19, "parent": null, "sport_type": 1, "rank": null}}, {"model": "registry.sportsman", "pk": 54, "fields": {"name": null, "surname": "\u041c0071", "patronymic": null, "date_of_birth": "2001-04-21", "gender": "\u0416", "location": null, "telephone": null, "sports_facility": null, "swimming_skills": false, "school_progress": null, "sport_desire": false, "coach": 19, "parent": null, "sport_type": 1, "rank": null}}, {"model": "registry.sportsman", "pk": 55, "fields": {"name": null, "surname": "\u04100070", "patronymic": null, "date_of_birth": "2001-09-23", "gender": "\u0416", "location": null, "telephone": null, "sports_facility": null, "swimming_skills": false, "school_progress": null, "sport_desire": false, "coach": 19, "parent": null, "sport_type": 1, "rank": null}}, {"model": "registry.sportsman", "pk": 56, "fields": {"name": null, "surname": "\u04180082", "patronymic": null, "date_of_birth": "2001-08-27", "gender": "\u0416", "location": null, "telephone": null, "sports_facility": null, "swimming_skills": false, "school_progress": null, "sport_desire": false, "coach": 19, "parent": null, "sport_type": 1, "rank": null}}, {"model": "registry.sportsman", "pk": 57, "fields": {"name": null, "surname": "\u04220022", "patronymic": null, "date_of_birth": "1999-09-14", "gender": "\u0416", "location": null, "telephone": null, "sports_facility": null, "swimming_skills": false, "school_progress": null, "sport_desire": false, "coach": 19, "parent": null, "sport_type": 1, "rank": null}}, {"model": "registry.sportsman", "pk": 58, "fields": {"name": null, "surname": "\u04110012", "patronymic": null, "date_of_birth": "2000-10-22", "gender": "\u0416", "location": null, "telephone": null, "sports_facility": null, "swimming_skills": false, "school_progress": null, "sport_desire": false, "coach": 19, "parent": null, "sport_type": 1, "rank": null}}, {"model": "registry.sportsman", "pk": 59, "fields": {"name": null, "surname": "\u041d0019", "patronymic": null, "date_of_birth": "2001-04-17", "gender": "\u0416", "location": null, "telephone": null, "sports_facility": null, "swimming_skills": false, "school_progress": null, "sport_desire": false, "coach": 19, "parent": null, "sport_type": 1, "rank": null}}, {"model": "registry.sportsman", "pk": 60, "fields": {"name": null, "surname": "\u041c0018", "patronymic": null, "date_of_birth": "2000-09-12", "gender": "\u0416", "location": null, "telephone": null, "sports_facility": null, "swimming_skills": false, "school_progress": null, "sport_desire": false, "coach": 19, "parent": null, "sport_type": 1, "rank": null}}, {"model": "registry.sportsman", "pk": 61, "fields": {"name": null, "surname": "\u04110083", "patronymic": null, "date_of_birth": "2001-04-06", "gender": "\u0416", "location": null, "telephone": null, "sports_facility": null, "swimming_skills": false, "school_progress": null, "sport_desire": false, "coach": 19, "parent": null, "sport_type": 1, "rank": null}}, {"model": "registry.sportsman", "pk": 62, "fields": {"name": null, "surname": "\u04140014", "patronymic": null, "date_of_birth": "2000-07-28", "gender": "\u0416", "location": null, "telephone": null, "sports_facility": null, "swimming_skills": false, "school_progress": null, "sport_desire": false, "coach": 19, "parent": null, "sport_type": 1, "rank": null}}, {"model": "registry.sportsman", "pk": 63, "fields": {"name": null, "surname": "\u0447 \u04120085", "patronymic": null, "date_of_birth": "2003-02-22", "gender": "\u041c", "location": null, "telephone": null, "sports_facility": null, "swimming_skills": false, "school_progress": null, "sport_desire": false, "coach": 20, "parent": null, "sport_type": 1, "rank": null}}, {"model": "registry.sportsman", "pk": 64, "fields": {"name": null, "surname": "\u041a0086", "patronymic": null, "date_of_birth": "2002-09-25", "gender": "\u041c", "location": null, "telephone": null, "sports_facility": null, "swimming_skills": false, "school_progress": null, "sport_desire": false, "coach": 20, "parent": null, "sport_type": 1, "rank": null}}, {"model": "registry.sportsman", "pk": 65, "fields": {"name": null, "surname": "\u041a0087", "patronymic": null, "date_of_birth": "2002-08-27", "gender": "\u041c", "location": null, "telephone": null, "sports_facility": null, "swimming_skills": false, "school_progress": null, "sport_desire": false, "coach": 20, "parent": null, "sport_type": 1, "rank": null}}, {"model": "registry.sportsman", "pk": 66, "fields": {"name": null, "surname": "\u042e0044", "patronymic": null, "date_of_birth": "2001-06-09", "gender": "\u041c", "location": null, "telephone": null, "sports_facility": null, "swimming_skills": false, "school_progress": null, "sport_desire": false, "coach": 20, "parent": null, "sport_type": 1, "rank": null}}, {"model": "registry.sportsman", "pk": 67, "fields": {"name": null, "surname": "\u04120025", "patronymic": null, "date_of_birth": "2000-04-11", "gender": "\u041c", "location": null, "telephone": null, "sports_facility": null, "swimming_skills": false, "school_progress": null, "sport_desire": false, "coach": 20, "parent": null, "sport_type": 1, "rank": null}}, {"model": "registry.sportsman", "pk": 68, "fields": {"name": null, "surname": "\u04160031", "patronymic": null, "date_of_birth": "2000-05-04", "gender": "\u041c", "location": null, "telephone": null, "sports_facility": null, "swimming_skills": false, "school_progress": null, "sport_desire": false, "coach": 20, "parent": null, "sport_type": 1, "rank": null}}, {"model": "registry.sportsman", "pk": 69, "fields": {"name": null, "surname": "\u04210088   ", "patronymic": null, "date_of_birth": "2000-03-13", "gender": "\u041c", "location": null, "telephone": null, "sports_facility": null, "swimming_skills": false, "school_progress": null, "sport_desire": false, "coach": 20, "parent": null, "sport_type": 1, "rank": null}}, {"model": "registry.sportsman", "pk": 70, "fields": {"name": null, "surname": "\u041f0089  ", "patronymic": null, "date_of_birth": "2000-04-26", "gender": "\u041c", "location": null, "telephone": null, "sports_facility": null, "swimming_skills": false, "school_progress": null, "sport_desire": false, "coach": 20, "parent": null, "sport_type": 1, "rank": null}}, {"model": "registry.sportsman", "pk": 71, "fields": {"name": null, "surname": "\u041a0045", "patronymic": null, "date_of_birth": "2000-06-15", "gender": "\u041c", "location": null, "telephone": null, "sports_facility": null, "swimming_skills": false, "school_progress": null, "sport_desire": false, "coach": 20, "parent": null, "sport_type": 1, "rank": null}}, {"model": "registry.sportsman", "pk": 72, "fields": {"name": null, "surname": "\u04130027", "patronymic": null, "date_of_birth": "1999-06-08", "gender": "\u041c", "location": null, "telephone": null, "sports_facility": null, "swimming_skills": false, "school_progress": null, "sport_desire": false, "coach": 20, "parent": null, "sport_type": 1, "rank": null}}, {"model": "registry.sportsman", "pk": 73, "fields": {"name": null, "surname": "\u0447 \u04140028", "patronymic": null, "date_of_birth": "1998-08-28", "gender": "\u041c", "location": null, "telephone": null, "sports_facility": null, "swimming_skills": false, "school_progress": null, "sport_desire": false, "coach": 20, "parent": null, "sport_type": 1, "rank": null}}, {"model": "registry.sportsman", "pk": 74, "fields": {"name": null, "surname": "\u041a0090", "patronymic": null, "date_of_birth": "2003-10-01", "gender": "\u041c", "location": null, "telephone": null, "sports_facility": null, "swimming_skills": false, "school_progress": null, "sport_desire": false, "coach": 5, "parent": null, "sport_type": 1, "rank": null}}, {"model": "registry.sportsman", "pk": 75, "fields": {"name": null, "surname": "\u04130091", "patronymic": null, "date_of_birth": "2003-08-21", "gender": "\u041c", "location": null, "telephone": null, "sports_facility": null, "swimming_skills": false, "school_progress": null, "sport_desire": false, "coach": 5, "parent": null, "sport_type": 1, "rank": null}}, {"model": "registry.sportsman", "pk": 76, "fields": {"name": null, "surname": "\u04130092", "patronymic": null, "date_of_birth": "2002-01-25", "gender": "\u041c", "location": null, "telephone": null, "sports_facility": null, "swimming_skills": false, "school_progress": null, "sport_desire": false, "coach": 5, "parent": null, "sport_type": 1, "rank": null}}, {"model": "registry.sportsman", "pk": 77, "fields": {"name": null, "surname": "\u04130093", "patronymic": null, "date_of_birth": "2002-05-20", "gender": "\u041c", "location": null, "telephone": null, "sports_facility": null, "swimming_skills": false, "school_progress": null, "sport_desire": false, "coach": 5, "parent": null, "sport_type": 1, "rank": null}}, {"model": "registry.sportsman", "pk": 78, "fields": {"name": null, "surname": "\u04220094", "patronymic": null, "date_of_birth": "2002-08-27", "gender": "\u041c", "location": null, "telephone": null, "sports_facility": null, "swimming_skills": false, "school_progress": null, "sport_desire": false, "coach": 5, "parent": null, "sport_type": 1, "rank": null}}, {"model": "registry.sportsman", "pk": 79, "fields": {"name": null, "surname": "\u04130095", "patronymic": null, "date_of_birth": "2001-05-23", "gender": "\u0416", "location": null, "telephone": null, "sports_facility": null, "swimming_skills": false, "school_progress": null, "sport_desire": false, "coach": 5, "parent": null, "sport_type": 1, "rank": null}}, {"model": "registry.sportsman", "pk": 80, "fields": {"name": null, "surname": "\u04110096", "patronymic": null, "date_of_birth": "2002-01-29", "gender": "\u041c", "location": null, "telephone": null, "sports_facility": null, "swimming_skills": false, "school_progress": null, "sport_desire": false, "coach": 5, "parent": null, "sport_type": 1, "rank": null}}, {"model": "registry.sportsman", "pk": 81, "fields": {"name": null, "surname": "\u04210042", "patronymic": null, "date_of_birth": "2000-03-03", "gender": "\u041c", "location": null, "telephone": null, "sports_facility": null, "swimming_skills": false, "school_progress": null, "sport_desire": false, "coach": 5, "parent": null, "sport_type": 1, "rank": null}}, {"model": "registry.sportsman", "pk": 82, "fields": {"name": null, "surname": "\u041a0034      ", "patronymic": null, "date_of_birth": "1999-01-18", "gender": "\u041c", "location": null, "telephone": null, "sports_facility": null, "swimming_skills": false, "school_progress": null, "sport_desire": false, "coach": 5, "parent": null, "sport_type": 1, "rank": null}}, {"model": "registry.sportsman", "pk": 83, "fields": {"name": null, "surname": "\u04210049", "patronymic": null, "date_of_birth": "1999-01-02", "gender": "\u041c", "location": null, "telephone": null, "sports_facility": null, "swimming_skills": false, "school_progress": null, "sport_desire": false, "coach": 5, "parent": null, "sport_type": 1, "rank": null}}, {"model": "registry.survey", "pk": 1, "fields": {"date": "2018-03-29", "stage": "1 \u044d\u0442\u0430\u043f", "sportsman": 1, "weight": "73.0", "length": "176.5", "spit_leg_length": 111, "foot_length": null, "torso_length_7": "63.0", "arm_span": 180, "chest_girth_inspiration": "91.0", "exhaling_chest": "82.0", "excursion_difference": "9.0", "spirometry_yellow": 4200, "breath_hold_stange": null, "deadweight_dynamometry": null, "dynamometry_right": 22, "dynamometry_left": 23, "tallow_mass": null, "muscle_mass": null, "open_eyes": null, "close_eyes": null, "target": null, "kg": null, "chss": null, "arterial_pressure_f": "106.6", "arterial_pressure_s": "81.0", "mpc": null}}, {"model": "registry.survey", "pk": 2, "fields": {"date": "2018-03-28", "stage": null, "sportsman": 2, "weight": "63.5", "length": "173.0", "spit_leg_length": 111, "foot_length": null, "torso_length_7": "67.0", "arm_span": 173, "chest_girth_inspiration": "82.0", "exhaling_chest": "75.0", "excursion_difference": "4.0", "spirometry_yellow": 4000, "breath_hold_stange": "38.0", "deadweight_dynamometry": null, "dynamometry_right": 39, "dynamometry_left": 29, "tallow_mass": null, "muscle_mass": null, "open_eyes": null, "close_eyes": null, "target": null, "kg": null, "chss": null, "arterial_pressure_f": "124.7", "arterial_pressure_s": "95.0", "mpc": null}}, {"model": "registry.survey", "pk": 3, "fields": {"date": "2018-03-29", "stage": null, "sportsman": 3, "weight": "65.0", "length": "176.0", "spit_leg_length": 111, "foot_length": null, "torso_length_7": "69.0", "arm_span": 177, "chest_girth_inspiration": "82.0", "exhaling_chest": "72.0", "excursion_difference": "10.0", "spirometry_yellow": 4800, "breath_hold_stange": "1.0", "deadweight_dynamometry": null, "dynamometry_right": 24, "dynamometry_left": 22, "tallow_mass": null, "muscle_mass": null, "open_eyes": null, "close_eyes": null, "target": null, "kg": null, "chss": null, "arterial_pressure_f": "129.7", "arterial_pressure_s": "76.0", "mpc": null}}, {"model": "registry.survey", "pk": 4, "fields": {"date": "2018-03-29", "stage": null, "sportsman": 4, "weight": "79.5", "length": "182.0", "spit_leg_length": 113, "foot_length": null, "torso_length_7": "69.0", "arm_span": 186, "chest_girth_inspiration": "89.0", "exhaling_chest": "81.0", "excursion_difference": "8.0", "spirometry_yellow": 5200, "breath_hold_stange": "34.0", "deadweight_dynamometry": null, "dynamometry_right": 29, "dynamometry_left": 19, "tallow_mass": null, "muscle_mass": null, "open_eyes": null, "close_eyes": null, "target": null, "kg": null, "chss": null, "arterial_pressure_f": "127.7", "arterial_pressure_s": "104.0", "mpc": null}}, {"model": "registry.survey", "pk": 5, "fields": {"date": "2018-03-29", "stage": null, "sportsman": 5, "weight": "57.5", "length": "173.5", "spit_leg_length": 108, "foot_length": null, "torso_length_7": "70.0", "arm_span": 116, "chest_girth_inspiration": "78.0", "exhaling_chest": "70.0", "excursion_difference": "8.0", "spirometry_yellow": 4600, "breath_hold_stange": "50.0", "deadweight_dynamometry": null, "dynamometry_right": 28, "dynamometry_left": 24, "tallow_mass": null, "muscle_mass": null, "open_eyes": null, "close_eyes": null, "target": null, "kg": null, "chss": null, "arterial_pressure_f": "122.7", "arterial_pressure_s": "79.0", "mpc": null}}, {"model": "registry.survey", "pk": 6, "fields": {"date": "2018-03-29", "stage": null, "sportsman": 6, "weight": "73.0", "length": "164.5", "spit_leg_length": 100, "foot_length": null, "torso_length_7": "67.0", "arm_span": 175, "chest_girth_inspiration": "97.0", "exhaling_chest": "87.0", "excursion_difference": "5.0", "spirometry_yellow": 5200, "breath_hold_stange": "38.0", "deadweight_dynamometry": null, "dynamometry_right": 22, "dynamometry_left": 31, "tallow_mass": null, "muscle_mass": null, "open_eyes": null, "close_eyes": null, "target": null, "kg": null, "chss": null, "arterial_pressure_f": "159.7", "arterial_pressure_s": "94.0", "mpc": null}}, {"model": "registry.survey", "pk": 7, "fields": {"date": "2012-03-29", "stage": null, "sportsman": 7, "weight": "87.9", "length": "172.0", "spit_leg_length": 110, "foot_length": null, "torso_length_7": "68.0", "arm_span": 181, "chest_girth_inspiration": "99.0", "exhaling_chest": "94.0", "excursion_difference": "5.0", "spirometry_yellow": 420, "breath_hold_stange": "38.0", "deadweight_dynamometry": null, "dynamometry_right": 34, "dynamometry_left": 25, "tallow_mass": null, "muscle_mass": null, "open_eyes": null, "close_eyes": null, "target": null, "kg": null, "chss": null, "arterial_pressure_f": "133.0", "arterial_pressure_s": "107.0", "mpc": null}}, {"model": "registry.survey", "pk": 8, "fields": {"date": "2012-03-29", "stage": null, "sportsman": 8, "weight": "55.0", "length": "179.0", "spit_leg_length": 109, "foot_length": null, "torso_length_7": "65.0", "arm_span": 179, "chest_girth_inspiration": "81.0", "exhaling_chest": "71.0", "excursion_difference": null, "spirometry_yellow": 4900, "breath_hold_stange": "46.0", "deadweight_dynamometry": null, "dynamometry_right": 26, "dynamometry_left": 26, "tallow_mass": null, "muscle_mass": null, "open_eyes": null, "close_eyes": null, "target": null, "kg": null, "chss": null, "arterial_pressure_f": "111.7", "arterial_pressure_s": "85.0", "mpc": null}}, {"model": "registry.survey", "pk": 9, "fields": {"date": "2012-03-29", "stage": null, "sportsman": 9, "weight": "66.0", "length": null, "spit_leg_length": 102, "foot_length": null, "torso_length_7": null, "arm_span": null, "chest_girth_inspiration": "90.0", "exhaling_chest": "81.0", "excursion_difference": null, "spirometry_yellow": 5100, "breath_hold_stange": "42.0", "deadweight_dynamometry": null, "dynamometry_right": 40, "dynamometry_left": 34, "tallow_mass": null, "muscle_mass": null, "open_eyes": null, "close_eyes": null, "target": null, "kg": null, "chss": null, "arterial_pressure_f": "115.9", "arterial_pressure_s": "61.0", "mpc": null}}, {"model": "registry.survey", "pk": 10, "fields": {"date": "2018-03-29", "stage": null, "sportsman": 10, "weight": "70.0", "length": "183.5", "spit_leg_length": 111, "foot_length": null, "torso_length_7": "70.0", "arm_span": 188, "chest_girth_inspiration": "90.0", "exhaling_chest": "82.0", "excursion_difference": null, "spirometry_yellow": 5400, "breath_hold_stange": "50.0", "deadweight_dynamometry": null, "dynamometry_right": 38, "dynamometry_left": 34, "tallow_mass": null, "muscle_mass": null, "open_eyes": null, "close_eyes": null, "target": null, "kg": null, "chss": null, "arterial_pressure_f": "129.6", "arterial_pressure_s": "94.0", "mpc": null}}, {"model": "registry.survey", "pk": 11, "fields": {"date": "2018-03-29", "stage": null, "sportsman": 11, "weight": "62.5", "length": "182.0", "spit_leg_length": 111, "foot_length": null, "torso_length_7": "66.0", "arm_span": null, "chest_girth_inspiration": "82.0", "exhaling_chest": "74.0", "excursion_difference": "6.0", "spirometry_yellow": 5000, "breath_hold_stange": "46.0", "deadweight_dynamometry": null, "dynamometry_right": 36, "dynamometry_left": 30, "tallow_mass": null, "muscle_mass": null, "open_eyes": null, "close_eyes": null, "target": null, "kg": null, "chss": null, "arterial_pressure_f": "118.5", "arterial_pressure_s": "81.0", "mpc": null}}, {"model": "registry.survey", "pk": 12, "fields": {"date": "2018-03-29", "stage": null, "sportsman": 12, "weight": "76.6", "length": "180.0", "spit_leg_length": 109, "foot_length": null, "torso_length_7": "65.0", "arm_span": null, "chest_girth_inspiration": "93.0", "exhaling_chest": "84.0", "excursion_difference": "9.0", "spirometry_yellow": 5400, "breath_hold_stange": "49.0", "deadweight_dynamometry": null, "dynamometry_right": 36, "dynamometry_left": 38, "tallow_mass": null, "muscle_mass": null, "open_eyes": null, "close_eyes": null, "target": null, "kg": null, "chss": null, "arterial_pressure_f": "146.8", "arterial_pressure_s": "73.0", "mpc": null}}, {"model": "registry.survey", "pk": 13, "fields": {"date": "2018-03-29", "stage": null, "sportsman": 13, "weight": "79.9", "length": "170.0", "spit_leg_length": 107, "foot_length": null, "torso_length_7": "62.0", "arm_span": null, "chest_girth_inspiration": "94.0", "exhaling_chest": "86.0", "excursion_difference": null, "spirometry_yellow": 4800, "breath_hold_stange": "47.0", "deadweight_dynamometry": null, "dynamometry_right": 36, "dynamometry_left": 27, "tallow_mass": null, "muscle_mass": null, "open_eyes": null, "close_eyes": null, "target": null, "kg": null, "chss": null, "arterial_pressure_f": "122.6", "arterial_pressure_s": "77.0", "mpc": null}}, {"model": "registry.survey", "pk": 14, "fields": {"date": "2018-03-29", "stage": null, "sportsman": 14, "weight": "100.0", "length": "178.0", "spit_leg_length": 106, "foot_length": null, "torso_length_7": "67.0", "arm_span": 190, "chest_girth_inspiration": "109.0", "exhaling_chest": "99.0", "excursion_difference": null, "spirometry_yellow": 5600, "breath_hold_stange": null, "deadweight_dynamometry": null, "dynamometry_right": 42, "dynamometry_left": 42, "tallow_mass": null, "muscle_mass": null, "open_eyes": null, "close_eyes": null, "target": null, "kg": null, "chss": null, "arterial_pressure_f": "135.6", "arterial_pressure_s": "64.0", "mpc": null}}, {"model": "registry.survey", "pk": 15, "fields": {"date": "2018-03-29", "stage": null, "sportsman": 15, "weight": "69.2", "length": "186.5", "spit_leg_length": 117, "foot_length": null, "torso_length_7": "68.0", "arm_span": 188, "chest_girth_inspiration": "90.0", "exhaling_chest": "85.0", "excursion_difference": "5.0", "spirometry_yellow": 6100, "breath_hold_stange": "50.0", "deadweight_dynamometry": null, "dynamometry_right": 26, "dynamometry_left": 34, "tallow_mass": null, "muscle_mass": null, "open_eyes": null, "close_eyes": null, "target": null, "kg": null, "chss": null, "arterial_pressure_f": "123.8", "arterial_pressure_s": "74.0", "mpc": null}}, {"model": "registry.survey", "pk": 16, "fields": {"date": "2018-03-29", "stage": null, "sportsman": 16, "weight": "72.5", "length": "177.5", "spit_leg_length": 110, "foot_length": null, "torso_length_7": "63.0", "arm_span": 181, "chest_girth_inspiration": "91.0", "exhaling_chest": "84.0", "excursion_difference": null, "spirometry_yellow": 5600, "breath_hold_stange": "58.0", "deadweight_dynamometry": null, "dynamometry_right": 38, "dynamometry_left": 26, "tallow_mass": null, "muscle_mass": null, "open_eyes": null, "close_eyes": null, "target": null, "kg": null, "chss": null, "arterial_pressure_f": "124.9", "arterial_pressure_s": "74.0", "mpc": null}}, {"model": "registry.survey", "pk": 17, "fields": {"date": "2018-03-29", "stage": null, "sportsman": 17, "weight": "86.6", "length": "180.0", "spit_leg_length": 113, "foot_length": null, "torso_length_7": "67.0", "arm_span": 186, "chest_girth_inspiration": "97.0", "exhaling_chest": "90.0", "excursion_difference": "7.0", "spirometry_yellow": 4500, "breath_hold_stange": "30.0", "deadweight_dynamometry": null, "dynamometry_right": 34, "dynamometry_left": 34, "tallow_mass": null, "muscle_mass": null, "open_eyes": null, "close_eyes": null, "target": null, "kg": null, "chss": null, "arterial_pressure_f": "13.7", "arterial_pressure_s": "73.0", "mpc": null}}, {"model": "registry.survey", "pk": 18, "fields": {"date": "2018-03-01", "stage": null, "sportsman": 18, "weight": "47.0", "length": "167.0", "spit_leg_length": 104, "foot_length": null, "torso_length_7": null, "arm_span": 170, "chest_girth_inspiration": "74.0", "exhaling_chest": "80.0", "excursion_difference": null, "spirometry_yellow": 4200, "breath_hold_stange": "55.0", "deadweight_dynamometry": null, "dynamometry_right": 44, "dynamometry_left": 32, "tallow_mass": null, "muscle_mass": null, "open_eyes": null, "close_eyes": null, "target": null, "kg": null, "chss": null, "arterial_pressure_f": "117.0", "arterial_pressure_s": "110.0", "mpc": null}}, {"model": "registry.survey", "pk": 19, "fields": {"date": "2018-03-29", "stage": null, "sportsman": 19, "weight": null, "length": "168.0", "spit_leg_length": 103, "foot_length": null, "torso_length_7": "61.0", "arm_span": 166, "chest_girth_inspiration": "74.0", "exhaling_chest": "78.5", "excursion_difference": null, "spirometry_yellow": 4020, "breath_hold_stange": "46.0", "deadweight_dynamometry": null, "dynamometry_right": null, "dynamometry_left": null, "tallow_mass": null, "muscle_mass": null, "open_eyes": null, "close_eyes": null, "target": null, "kg": null, "chss": null, "arterial_pressure_f": "99.0", "arterial_pressure_s": "117.0", "mpc": null}}, {"model": "registry.survey", "pk": 20, "fields": {"date": "2018-03-29", "stage": null, "sportsman": 20, "weight": "63.0", "length": "180.0", "spit_leg_length": 108, "foot_length": null, "torso_length_7": "67.0", "arm_span": 185, "chest_girth_inspiration": "81.0", "exhaling_chest": "91.0", "excursion_difference": "10.0", "spirometry_yellow": 4100, "breath_hold_stange": "107.0", "deadweight_dynamometry": null, "dynamometry_right": 42, "dynamometry_left": 42, "tallow_mass": null, "muscle_mass": null, "open_eyes": null, "close_eyes": null, "target": null, "kg": null, "chss": null, "arterial_pressure_f": "99.0", "arterial_pressure_s": "110.0", "mpc": null}}, {"model": "registry.survey", "pk": 21, "fields": {"date": "2018-03-29", "stage": null, "sportsman": 21, "weight": "44.0", "length": "157.0", "spit_leg_length": 100, "foot_length": null, "torso_length_7": "55.0", "arm_span": 159, "chest_girth_inspiration": "68.0", "exhaling_chest": "71.5", "excursion_difference": null, "spirometry_yellow": 3200, "breath_hold_stange": "38.0", "deadweight_dynamometry": null, "dynamometry_right": 28, "dynamometry_left": 30, "tallow_mass": null, "muscle_mass": null, "open_eyes": null, "close_eyes": null, "target": null, "kg": null, "chss": null, "arterial_pressure_f": "98.0", "arterial_pressure_s": "110.0", "mpc": null}}, {"model": "registry.survey", "pk": 22, "fields": {"date": "2018-03-29", "stage": null, "sportsman": 22, "weight": null, "length": "164.0", "spit_leg_length": 101, "foot_length": null, "torso_length_7": null, "arm_span": 165, "chest_girth_inspiration": "74.5", "exhaling_chest": "79.0", "excursion_difference": null, "spirometry_yellow": 4100, "breath_hold_stange": "103.0", "deadweight_dynamometry": null, "dynamometry_right": 34, "dynamometry_left": 38, "tallow_mass": null, "muscle_mass": null, "open_eyes": null, "close_eyes": null, "target": null, "kg": null, "chss": null, "arterial_pressure_f": "99.0", "arterial_pressure_s": "117.0", "mpc": null}}, {"model": "registry.survey", "pk": 23, "fields": {"date": "2018-03-29", "stage": null, "sportsman": 23, "weight": null, "length": "169.0", "spit_leg_length": 105, "foot_length": null, "torso_length_7": null, "arm_span": 170, "chest_girth_inspiration": "73.0", "exhaling_chest": "78.0", "excursion_difference": "5.0", "spirometry_yellow": 3800, "breath_hold_stange": "60.0", "deadweight_dynamometry": null, "dynamometry_right": 34, "dynamometry_left": 28, "tallow_mass": null, "muscle_mass": null, "open_eyes": null, "close_eyes": null, "target": null, "kg": null, "chss": null, "arterial_pressure_f": "99.0", "arterial_pressure_s": "100.0", "mpc": null}}, {"model": "registry.survey", "pk": 24, "fields": {"date": "2018-03-29", "stage": null, "sportsman": 24, "weight": "50.0", "length": "166.0", "spit_leg_length": null, "foot_length": null, "torso_length_7": "66.0", "arm_span": 155, "chest_girth_inspiration": "79.0", "exhaling_chest": "81.0", "excursion_difference": null, "spirometry_yellow": 4000, "breath_hold_stange": "43.0", "deadweight_dynamometry": null, "dynamometry_right": 22, "dynamometry_left": 36, "tallow_mass": null, "muscle_mass": null, "open_eyes": null, "close_eyes": null, "target": null, "kg": null, "chss": null, "arterial_pressure_f": "99.0", "arterial_pressure_s": "122.0", "mpc": null}}, {"model": "registry.survey", "pk": 25, "fields": {"date": "2018-03-29", "stage": null, "sportsman": 25, "weight": "47.0", "length": "157.0", "spit_leg_length": 96, "foot_length": null, "torso_length_7": null, "arm_span": 160, "chest_girth_inspiration": "73.0", "exhaling_chest": "77.0", "excursion_difference": null, "spirometry_yellow": 3800, "breath_hold_stange": null, "deadweight_dynamometry": null, "dynamometry_right": 22, "dynamometry_left": 26, "tallow_mass": null, "muscle_mass": null, "open_eyes": null, "close_eyes": null, "target": null, "kg": null, "chss": null, "arterial_pressure_f": "93.0", "arterial_pressure_s": "117.0", "mpc": null}}, {"model": "registry.survey", "pk": 26, "fields": {"date": "2018-03-29", "stage": null, "sportsman": 26, "weight": "36.5", "length": "146.0", "spit_leg_length": 90, "foot_length": null, "torso_length_7": "55.0", "arm_span": 145, "chest_girth_inspiration": "67.0", "exhaling_chest": "74.0", "excursion_difference": null, "spirometry_yellow": 2900, "breath_hold_stange": "28.0", "deadweight_dynamometry": null, "dynamometry_right": 30, "dynamometry_left": 30, "tallow_mass": null, "muscle_mass": null, "open_eyes": null, "close_eyes": null, "target": null, "kg": null, "chss": null, "arterial_pressure_f": "98.0", "arterial_pressure_s": "90.0", "mpc": null}}, {"model": "registry.survey", "pk": 27, "fields": {"date": "2018-03-29", "stage": null, "sportsman": 27, "weight": "62.0", "length": "167.0", "spit_leg_length": 105, "foot_length": null, "torso_length_7": "60.0", "arm_span": 168, "chest_girth_inspiration": "80.0", "exhaling_chest": "86.0", "excursion_difference": null, "spirometry_yellow": 4100, "breath_hold_stange": "54.0", "deadweight_dynamometry": null, "dynamometry_right": 36, "dynamometry_left": 32, "tallow_mass": null, "muscle_mass": null, "open_eyes": null, "close_eyes": null, "target": null, "kg": null, "chss": null, "arterial_pressure_f": "98.0", "arterial_pressure_s": "90.0", "mpc": null}}, {"model": "registry.survey", "pk": 28, "fields": {"date": "2018-03-29", "stage": null, "sportsman": 28, "weight": "43.4", "length": "165.0", "spit_leg_length": 105, "foot_length": null, "torso_length_7": "61.0", "arm_span": 164, "chest_girth_inspiration": "64.5", "exhaling_chest": "72.0", "excursion_difference": null, "spirometry_yellow": 3700, "breath_hold_stange": "53.0", "deadweight_dynamometry": null, "dynamometry_right": 28, "dynamometry_left": 38, "tallow_mass": null, "muscle_mass": null, "open_eyes": null, "close_eyes": null, "target": null, "kg": null, "chss": null, "arterial_pressure_f": "99.0", "arterial_pressure_s": "100.0", "mpc": null}}, {"model": "registry.survey", "pk": 29, "fields": {"date": "2018-03-29", "stage": null, "sportsman": 29, "weight": "54.0", "length": "164.0", "spit_leg_length": 100, "foot_length": null, "torso_length_7": "64.0", "arm_span": 168, "chest_girth_inspiration": "80.0", "exhaling_chest": "75.0", "excursion_difference": null, "spirometry_yellow": 4500, "breath_hold_stange": "40.0", "deadweight_dynamometry": null, "dynamometry_right": 29, "dynamometry_left": 31, "tallow_mass": null, "muscle_mass": null, "open_eyes": null, "close_eyes": null, "target": null, "kg": null, "chss": null, "arterial_pressure_f": "95.0", "arterial_pressure_s": "117.0", "mpc": null}}, {"model": "registry.survey", "pk": 30, "fields": {"date": "2018-03-29", "stage": null, "sportsman": 30, "weight": "58.0", "length": "160.0", "spit_leg_length": null, "foot_length": null, "torso_length_7": "61.0", "arm_span": 160, "chest_girth_inspiration": "81.0", "exhaling_chest": "86.0", "excursion_difference": null, "spirometry_yellow": 3000, "breath_hold_stange": null, "deadweight_dynamometry": null, "dynamometry_right": null, "dynamometry_left": null, "tallow_mass": null, "muscle_mass": null, "open_eyes": null, "close_eyes": null, "target": null, "kg": null, "chss": null, "arterial_pressure_f": "98.0", "arterial_pressure_s": "100.0", "mpc": null}}, {"model": "registry.survey", "pk": 31, "fields": {"date": "2018-03-29", "stage": null, "sportsman": 31, "weight": "49.0", "length": "161.0", "spit_leg_length": 95, "foot_length": null, "torso_length_7": "62.0", "arm_span": 165, "chest_girth_inspiration": "64.0", "exhaling_chest": "71.0", "excursion_difference": null, "spirometry_yellow": 4000, "breath_hold_stange": "41.0", "deadweight_dynamometry": null, "dynamometry_right": 32, "dynamometry_left": 30, "tallow_mass": null, "muscle_mass": null, "open_eyes": null, "close_eyes": null, "target": null, "kg": null, "chss": null, "arterial_pressure_f": "99.0", "arterial_pressure_s": "117.0", "mpc": null}}, {"model": "registry.survey", "pk": 32, "fields": {"date": null, "stage": null, "sportsman": 32, "weight": "81.0", "length": "194.5", "spit_leg_length": 120, "foot_length": null, "torso_length_7": "71.0", "arm_span": 205, "chest_girth_inspiration": "100.0", "exhaling_chest": "89.0", "excursion_difference": "11.0", "spirometry_yellow": 7000, "breath_hold_stange": "60.0", "deadweight_dynamometry": null, "dynamometry_right": 40, "dynamometry_left": 40, "tallow_mass": "33.8", "muscle_mass": "4.0", "open_eyes": "68.0", "close_eyes": "32.0", "target": "70.0", "kg": "17.2", "chss": "70.0", "arterial_pressure_f": "125.0", "arterial_pressure_s": "70.0", "mpc": "44.0"}}, {"model": "registry.survey", "pk": 33, "fields": {"date": null, "stage": null, "sportsman": 33, "weight": "84.0", "length": "188.0", "spit_leg_length": 114, "foot_length": null, "torso_length_7": "75.0", "arm_span": 194, "chest_girth_inspiration": "101.0", "exhaling_chest": "91.0", "excursion_difference": "10.0", "spirometry_yellow": 6000, "breath_hold_stange": "90.0", "deadweight_dynamometry": null, "dynamometry_right": 60, "dynamometry_left": 50, "tallow_mass": "18.7", "muscle_mass": "4.0", "open_eyes": "84.0", "close_eyes": "75.0", "target": "71.0", "kg": "15.4", "chss": "60.0", "arterial_pressure_f": "115.0", "arterial_pressure_s": "70.0", "mpc": "41.0"}}, {"model": "registry.survey", "pk": 34, "fields": {"date": null, "stage": null, "sportsman": 34, "weight": "83.7", "length": "191.0", "spit_leg_length": 118, "foot_length": null, "torso_length_7": "74.0", "arm_span": 198, "chest_girth_inspiration": "104.0", "exhaling_chest": "95.0", "excursion_difference": "9.0", "spirometry_yellow": 6600, "breath_hold_stange": "124.0", "deadweight_dynamometry": null, "dynamometry_right": 50, "dynamometry_left": 50, "tallow_mass": null, "muscle_mass": null, "open_eyes": null, "close_eyes": null, "target": null, "kg": null, "chss": null, "arterial_pressure_f": null, "arterial_pressure_s": null, "mpc": null}}, {"model": "registry.survey", "pk": 35, "fields": {"date": null, "stage": null, "sportsman": 35, "weight": "78.0", "length": "197.0", "spit_leg_length": 115, "foot_length": null, "torso_length_7": "74.5", "arm_span": 189, "chest_girth_inspiration": "100.0", "exhaling_chest": "90.0", "excursion_difference": "10.0", "spirometry_yellow": 7200, "breath_hold_stange": "86.0", "deadweight_dynamometry": null, "dynamometry_right": 45, "dynamometry_left": 45, "tallow_mass": "10.8", "muscle_mass": "2.0", "open_eyes": "90.0", "close_eyes": "74.0", "target": "87.0", "kg": "19.8", "chss": "75.0", "arterial_pressure_f": "120.0", "arterial_pressure_s": "70.0", "mpc": "49.8"}}, {"model": "registry.survey", "pk": 36, "fields": {"date": null, "stage": null, "sportsman": 36, "weight": null, "length": null, "spit_leg_length": null, "foot_length": null, "torso_length_7": null, "arm_span": null, "chest_girth_inspiration": null, "exhaling_chest": null, "excursion_difference": null, "spirometry_yellow": null, "breath_hold_stange": null, "deadweight_dynamometry": null, "dynamometry_right": null, "dynamometry_left": null, "tallow_mass": "14.4", "muscle_mass": "4.0", "open_eyes": "94.0", "close_eyes": "78.0", "target": "89.0", "kg": "22.4", "chss": "66.0", "arterial_pressure_f": "125.0", "arterial_pressure_s": "60.0", "mpc": "63.0"}}, {"model": "registry.survey", "pk": 37, "fields": {"date": null, "stage": null, "sportsman": 37, "weight": "88.1", "length": "194.0", "spit_leg_length": 121, "foot_length": null, "torso_length_7": "72.0", "arm_span": 203, "chest_girth_inspiration": "106.0", "exhaling_chest": "96.0", "excursion_difference": "10.0", "spirometry_yellow": 7400, "breath_hold_stange": "150.0", "deadweight_dynamometry": null, "dynamometry_right": 44, "dynamometry_left": 40, "tallow_mass": null, "muscle_mass": null, "open_eyes": null, "close_eyes": null, "target": null, "kg": null, "chss": null, "arterial_pressure_f": null, "arterial_pressure_s": null, "mpc": null}}, {"model": "registry.survey", "pk": 38, "fields": {"date": null, "stage": null, "sportsman": 38, "weight": "77.4", "length": "184.0", "spit_leg_length": 112, "foot_length": null, "torso_length_7": "71.0", "arm_span": 186, "chest_girth_inspiration": "104.0", "exhaling_chest": "96.0", "excursion_difference": "8.0", "spirometry_yellow": 5700, "breath_hold_stange": "180.0", "deadweight_dynamometry": null, "dynamometry_right": 55, "dynamometry_left": 59, "tallow_mass": "9.9", "muscle_mass": "2.0", "open_eyes": "90.0", "close_eyes": "69.0", "target": "76.0", "kg": "22.6", "chss": "70.0", "arterial_pressure_f": "130.0", "arterial_pressure_s": "80.0", "mpc": "54.0"}}, {"model": "registry.survey", "pk": 39, "fields": {"date": null, "stage": null, "sportsman": 39, "weight": null, "length": null, "spit_leg_length": null, "foot_length": null, "torso_length_7": null, "arm_span": null, "chest_girth_inspiration": null, "exhaling_chest": null, "excursion_difference": null, "spirometry_yellow": null, "breath_hold_stange": null, "deadweight_dynamometry": null, "dynamometry_right": null, "dynamometry_left": null, "tallow_mass": null, "muscle_mass": null, "open_eyes": null, "close_eyes": null, "target": null, "kg": null, "chss": null, "arterial_pressure_f": null, "arterial_pressure_s": null, "mpc": null}}, {"model": "registry.survey", "pk": 40, "fields": {"date": null, "stage": null, "sportsman": 40, "weight": "85.0", "length": "189.0", "spit_leg_length": 111, "foot_length": null, "torso_length_7": "73.0", "arm_span": 191, "chest_girth_inspiration": "108.0", "exhaling_chest": "98.0", "excursion_difference": "10.0", "spirometry_yellow": 7600, "breath_hold_stange": "85.0", "deadweight_dynamometry": null, "dynamometry_right": 55, "dynamometry_left": 51, "tallow_mass": null, "muscle_mass": null, "open_eyes": null, "close_eyes": null, "target": null, "kg": null, "chss": null, "arterial_pressure_f": null, "arterial_pressure_s": null, "mpc": null}}, {"model": "registry.survey", "pk": 41, "fields": {"date": null, "stage": null, "sportsman": 41, "weight": null, "length": null, "spit_leg_length": null, "foot_length": null, "torso_length_7": null, "arm_span": null, "chest_girth_inspiration": null, "exhaling_chest": null, "excursion_difference": null, "spirometry_yellow": null, "breath_hold_stange": null, "deadweight_dynamometry": null, "dynamometry_right": null, "dynamometry_left": null, "tallow_mass": null, "muscle_mass": null, "open_eyes": null, "close_eyes": null, "target": null, "kg": null, "chss": null, "arterial_pressure_f": null, "arterial_pressure_s": null, "mpc": null}}, {"model": "registry.survey", "pk": 42, "fields": {"date": null, "stage": null, "sportsman": 42, "weight": "62.4", "length": "172.5", "spit_leg_length": 103, "foot_length": null, "torso_length_7": "62.0", "arm_span": 170, "chest_girth_inspiration": "85.0", "exhaling_chest": "77.0", "excursion_difference": "8.0", "spirometry_yellow": 4100, "breath_hold_stange": "35.0", "deadweight_dynamometry": null, "dynamometry_right": 19, "dynamometry_left": 18, "tallow_mass": null, "muscle_mass": null, "open_eyes": null, "close_eyes": null, "target": null, "kg": null, "chss": null, "arterial_pressure_f": null, "arterial_pressure_s": null, "mpc": null}}, {"model": "registry.survey", "pk": 43, "fields": {"date": "2018-02-01", "stage": null, "sportsman": 43, "weight": "65.5", "length": "173.5", "spit_leg_length": 107, "foot_length": null, "torso_length_7": "65.0", "arm_span": 170, "chest_girth_inspiration": "83.0", "exhaling_chest": "75.0", "excursion_difference": "8.0", "spirometry_yellow": 4300, "breath_hold_stange": "52.0", "deadweight_dynamometry": null, "dynamometry_right": 32, "dynamometry_left": 36, "tallow_mass": null, "muscle_mass": null, "open_eyes": null, "close_eyes": null, "target": null, "kg": null, "chss": null, "arterial_pressure_f": null, "arterial_pressure_s": null, "mpc": null}}, {"model": "registry.survey", "pk": 44, "fields": {"date": "2018-02-01", "stage": null, "sportsman": 44, "weight": "55.0", "length": "168.5", "spit_leg_length": 105, "foot_length": null, "torso_length_7": "61.0", "arm_span": 169, "chest_girth_inspiration": "84.0", "exhaling_chest": "77.0", "excursion_difference": "7.0", "spirometry_yellow": 4100, "breath_hold_stange": "48.0", "deadweight_dynamometry": null, "dynamometry_right": 30, "dynamometry_left": 25, "tallow_mass": null, "muscle_mass": null, "open_eyes": null, "close_eyes": null, "target": null, "kg": null, "chss": null, "arterial_pressure_f": null, "arterial_pressure_s": null, "mpc": null}}, {"model": "registry.survey", "pk": 45, "fields": {"date": "2018-02-01", "stage": null, "sportsman": 45, "weight": "76.8", "length": "180.0", "spit_leg_length": 113, "foot_length": null, "torso_length_7": "68.0", "arm_span": 193, "chest_girth_inspiration": "101.0", "exhaling_chest": "96.0", "excursion_difference": "5.0", "spirometry_yellow": 3400, "breath_hold_stange": "34.0", "deadweight_dynamometry": null, "dynamometry_right": 26, "dynamometry_left": 28, "tallow_mass": null, "muscle_mass": null, "open_eyes": null, "close_eyes": null, "target": null, "kg": null, "chss": null, "arterial_pressure_f": null, "arterial_pressure_s": null, "mpc": null}}, {"model": "registry.survey", "pk": 46, "fields": {"date": null, "stage": null, "sportsman": 46, "weight": "69.0", "length": "186.0", "spit_leg_length": 114, "foot_length": null, "torso_length_7": "67.0", "arm_span": 186, "chest_girth_inspiration": "94.0", "exhaling_chest": "87.5", "excursion_difference": "6.5", "spirometry_yellow": 5700, "breath_hold_stange": "63.0", "deadweight_dynamometry": null, "dynamometry_right": 50, "dynamometry_left": 46, "tallow_mass": "9.7", "muscle_mass": "1.0", "open_eyes": "82.0", "close_eyes": "58.0", "target": "75.0", "kg": "16.4", "chss": "80.0", "arterial_pressure_f": "130.0", "arterial_pressure_s": "70.0", "mpc": "46.0"}}, {"model": "registry.survey", "pk": 47, "fields": {"date": null, "stage": null, "sportsman": 47, "weight": "76.0", "length": "186.0", "spit_leg_length": 118, "foot_length": null, "torso_length_7": "71.0", "arm_span": 198, "chest_girth_inspiration": "95.5", "exhaling_chest": "88.5", "excursion_difference": "8.0", "spirometry_yellow": 5700, "breath_hold_stange": "137.0", "deadweight_dynamometry": null, "dynamometry_right": 40, "dynamometry_left": 44, "tallow_mass": "10.0", "muscle_mass": "1.0", "open_eyes": "83.0", "close_eyes": "58.0", "target": "91.0", "kg": "18.4", "chss": "80.0", "arterial_pressure_f": "120.0", "arterial_pressure_s": "70.0", "mpc": "48.0"}}, {"model": "registry.survey", "pk": 48, "fields": {"date": null, "stage": null, "sportsman": 48, "weight": "81.0", "length": "186.0", "spit_leg_length": 111, "foot_length": null, "torso_length_7": "74.0", "arm_span": 191, "chest_girth_inspiration": "103.0", "exhaling_chest": "96.5", "excursion_difference": "6.5", "spirometry_yellow": 5600, "breath_hold_stange": "30.0", "deadweight_dynamometry": null, "dynamometry_right": 54, "dynamometry_left": 52, "tallow_mass": null, "muscle_mass": null, "open_eyes": null, "close_eyes": null, "target": null, "kg": null, "chss": null, "arterial_pressure_f": null, "arterial_pressure_s": null, "mpc": null}}, {"model": "registry.survey", "pk": 49, "fields": {"date": null, "stage": null, "sportsman": 49, "weight": null, "length": null, "spit_leg_length": null, "foot_length": null, "torso_length_7": null, "arm_span": null, "chest_girth_inspiration": null, "exhaling_chest": null, "excursion_difference": null, "spirometry_yellow": null, "breath_hold_stange": null, "deadweight_dynamometry": null, "dynamometry_right": null, "dynamometry_left": null, "tallow_mass": null, "muscle_mass": null, "open_eyes": null, "close_eyes": null, "target": null, "kg": null, "chss": null, "arterial_pressure_f": null, "arterial_pressure_s": null, "mpc": null}}, {"model": "registry.survey", "pk": 50, "fields": {"date": null, "stage": null, "sportsman": 50, "weight": "48.4", "length": "170.0", "spit_leg_length": 100, "foot_length": null, "torso_length_7": "62.0", "arm_span": 168, "chest_girth_inspiration": "85.0", "exhaling_chest": "80.0", "excursion_difference": "5.0", "spirometry_yellow": 4000, "breath_hold_stange": "55.0", "deadweight_dynamometry": null, "dynamometry_right": 20, "dynamometry_left": 16, "tallow_mass": null, "muscle_mass": null, "open_eyes": null, "close_eyes": null, "target": null, "kg": null, "chss": null, "arterial_pressure_f": null, "arterial_pressure_s": null, "mpc": null}}, {"model": "registry.survey", "pk": 51, "fields": {"date": null, "stage": null, "sportsman": 51, "weight": "59.5", "length": "173.0", "spit_leg_length": 103, "foot_length": null, "torso_length_7": "68.0", "arm_span": 171, "chest_girth_inspiration": "94.0", "exhaling_chest": "86.0", "excursion_difference": "8.0", "spirometry_yellow": 4800, "breath_hold_stange": "66.0", "deadweight_dynamometry": null, "dynamometry_right": 33, "dynamometry_left": 30, "tallow_mass": null, "muscle_mass": null, "open_eyes": null, "close_eyes": null, "target": null, "kg": null, "chss": null, "arterial_pressure_f": null, "arterial_pressure_s": null, "mpc": null}}, {"model": "registry.survey", "pk": 52, "fields": {"date": null, "stage": null, "sportsman": 52, "weight": "70.0", "length": "182.0", "spit_leg_length": 119, "foot_length": null, "torso_length_7": "67.0", "arm_span": 185, "chest_girth_inspiration": "101.0", "exhaling_chest": "93.0", "excursion_difference": "8.0", "spirometry_yellow": 4800, "breath_hold_stange": "36.0", "deadweight_dynamometry": null, "dynamometry_right": 30, "dynamometry_left": 30, "tallow_mass": "13.0", "muscle_mass": "2.0", "open_eyes": "89.0", "close_eyes": "71.0", "target": "88.0", "kg": "14.0", "chss": "89.0", "arterial_pressure_f": "105.0", "arterial_pressure_s": "60.0", "mpc": "40.0"}}, {"model": "registry.survey", "pk": 53, "fields": {"date": null, "stage": null, "sportsman": 53, "weight": "74.0", "length": "187.0", "spit_leg_length": 120, "foot_length": null, "torso_length_7": "68.0", "arm_span": 186, "chest_girth_inspiration": "95.0", "exhaling_chest": "90.0", "excursion_difference": "5.0", "spirometry_yellow": 5000, "breath_hold_stange": "36.0", "deadweight_dynamometry": null, "dynamometry_right": 26, "dynamometry_left": 18, "tallow_mass": "28.0", "muscle_mass": "3.0", "open_eyes": "76.0", "close_eyes": "39.0", "target": "68.0", "kg": "15.2", "chss": "88.0", "arterial_pressure_f": "110.0", "arterial_pressure_s": "60.0", "mpc": "43.0"}}, {"model": "registry.survey", "pk": 54, "fields": {"date": null, "stage": null, "sportsman": 54, "weight": "63.0", "length": "166.0", "spit_leg_length": 104, "foot_length": null, "torso_length_7": "66.0", "arm_span": 172, "chest_girth_inspiration": "88.0", "exhaling_chest": "84.0", "excursion_difference": "4.0", "spirometry_yellow": 3500, "breath_hold_stange": "49.0", "deadweight_dynamometry": null, "dynamometry_right": 26, "dynamometry_left": 26, "tallow_mass": null, "muscle_mass": null, "open_eyes": null, "close_eyes": null, "target": null, "kg": null, "chss": null, "arterial_pressure_f": null, "arterial_pressure_s": null, "mpc": null}}, {"model": "registry.survey", "pk": 55, "fields": {"date": null, "stage": null, "sportsman": 55, "weight": "67.0", "length": "178.0", "spit_leg_length": 109, "foot_length": null, "torso_length_7": "70.0", "arm_span": 177, "chest_girth_inspiration": "96.0", "exhaling_chest": "90.0", "excursion_difference": "6.0", "spirometry_yellow": 4200, "breath_hold_stange": "87.0", "deadweight_dynamometry": null, "dynamometry_right": 32, "dynamometry_left": 35, "tallow_mass": null, "muscle_mass": null, "open_eyes": null, "close_eyes": null, "target": null, "kg": null, "chss": null, "arterial_pressure_f": null, "arterial_pressure_s": null, "mpc": null}}, {"model": "registry.survey", "pk": 56, "fields": {"date": null, "stage": null, "sportsman": 56, "weight": "83.0", "length": "178.5", "spit_leg_length": 109, "foot_length": null, "torso_length_7": "72.0", "arm_span": 178, "chest_girth_inspiration": "104.0", "exhaling_chest": "95.0", "excursion_difference": "9.0", "spirometry_yellow": 4300, "breath_hold_stange": "95.0", "deadweight_dynamometry": null, "dynamometry_right": 31, "dynamometry_left": 29, "tallow_mass": null, "muscle_mass": null, "open_eyes": null, "close_eyes": null, "target": null, "kg": null, "chss": null, "arterial_pressure_f": null, "arterial_pressure_s": null, "mpc": null}}, {"model": "registry.survey", "pk": 57, "fields": {"date": null, "stage": null, "sportsman": 57, "weight": "73.0", "length": "180.5", "spit_leg_length": 117, "foot_length": null, "torso_length_7": "69.0", "arm_span": 180, "chest_girth_inspiration": "93.0", "exhaling_chest": "86.0", "excursion_difference": "7.0", "spirometry_yellow": 4100, "breath_hold_stange": "47.0", "deadweight_dynamometry": null, "dynamometry_right": 29, "dynamometry_left": 29, "tallow_mass": null, "muscle_mass": null, "open_eyes": null, "close_eyes": null, "target": null, "kg": null, "chss": null, "arterial_pressure_f": null, "arterial_pressure_s": null, "mpc": null}}, {"model": "registry.survey", "pk": 58, "fields": {"date": null, "stage": null, "sportsman": 58, "weight": "67.4", "length": "172.0", "spit_leg_length": 103, "foot_length": null, "torso_length_7": "69.0", "arm_span": 175, "chest_girth_inspiration": "93.0", "exhaling_chest": "85.0", "excursion_difference": "8.0", "spirometry_yellow": 4, "breath_hold_stange": "47.0", "deadweight_dynamometry": null, "dynamometry_right": 32, "dynamometry_left": 33, "tallow_mass": "27.3", "muscle_mass": "3.0", "open_eyes": "5.0", "close_eyes": "4.0", "target": "5.0", "kg": "3.0", "chss": "3.0", "arterial_pressure_f": "4.0", "arterial_pressure_s": "4.0", "mpc": "4.0"}}, {"model": "registry.survey", "pk": 59, "fields": {"date": null, "stage": null, "sportsman": 59, "weight": "77.0", "length": "177.5", "spit_leg_length": 110, "foot_length": null, "torso_length_7": "67.0", "arm_span": 175, "chest_girth_inspiration": "98.0", "exhaling_chest": "92.0", "excursion_difference": "6.0", "spirometry_yellow": 5200, "breath_hold_stange": "130.0", "deadweight_dynamometry": null, "dynamometry_right": 32, "dynamometry_left": 33, "tallow_mass": null, "muscle_mass": "2.0", "open_eyes": "5.0", "close_eyes": "1.0", "target": "5.0", "kg": "1.0", "chss": "3.0", "arterial_pressure_f": "5.0", "arterial_pressure_s": "4.0", "mpc": "3.0"}}, {"model": "registry.survey", "pk": 60, "fields": {"date": null, "stage": null, "sportsman": 60, "weight": null, "length": "168.0", "spit_leg_length": 103, "foot_length": null, "torso_length_7": "63.0", "arm_span": 167, "chest_girth_inspiration": "92.0", "exhaling_chest": "87.0", "excursion_difference": "5.0", "spirometry_yellow": 4100, "breath_hold_stange": "45.0", "deadweight_dynamometry": null, "dynamometry_right": 38, "dynamometry_left": 28, "tallow_mass": null, "muscle_mass": null, "open_eyes": null, "close_eyes": null, "target": null, "kg": null, "chss": null, "arterial_pressure_f": null, "arterial_pressure_s": null, "mpc": null}}, {"model": "registry.survey", "pk": 61, "fields": {"date": null, "stage": null, "sportsman": 61, "weight": "63.0", "length": "178.0", "spit_leg_length": 112, "foot_length": null, "torso_length_7": "66.5", "arm_span": 183, "chest_girth_inspiration": "103.0", "exhaling_chest": "96.0", "excursion_difference": "7.0", "spirometry_yellow": 4200, "breath_hold_stange": "46.0", "deadweight_dynamometry": null, "dynamometry_right": 28, "dynamometry_left": 28, "tallow_mass": null, "muscle_mass": null, "open_eyes": null, "close_eyes": null, "target": null, "kg": null, "chss": null, "arterial_pressure_f": null, "arterial_pressure_s": null, "mpc": null}}, {"model": "registry.survey", "pk": 62, "fields": {"date": null, "stage": null, "sportsman": 62, "weight": "77.0", "length": "176.0", "spit_leg_length": 110, "foot_length": null, "torso_length_7": "69.0", "arm_span": 178, "chest_girth_inspiration": "105.0", "exhaling_chest": "96.0", "excursion_difference": "7.0", "spirometry_yellow": 5000, "breath_hold_stange": "34.0", "deadweight_dynamometry": null, "dynamometry_right": 34, "dynamometry_left": 39, "tallow_mass": "33.8", "muscle_mass": "1.0", "open_eyes": "5.0", "close_eyes": "5.0", "target": "4.0", "kg": "4.0", "chss": "3.0", "arterial_pressure_f": "5.0", "arterial_pressure_s": "5.0", "mpc": "4.0"}}, {"model": "registry.survey", "pk": 63, "fields": {"date": null, "stage": null, "sportsman": 63, "weight": "75.5", "length": "179.0", "spit_leg_length": 107, "foot_length": null, "torso_length_7": "72.0", "arm_span": 180, "chest_girth_inspiration": "102.0", "exhaling_chest": "97.0", "excursion_difference": "5.0", "spirometry_yellow": 6100, "breath_hold_stange": "87.0", "deadweight_dynamometry": null, "dynamometry_right": 40, "dynamometry_left": 40, "tallow_mass": null, "muscle_mass": null, "open_eyes": null, "close_eyes": null, "target": null, "kg": null, "chss": null, "arterial_pressure_f": null, "arterial_pressure_s": null, "mpc": null}}, {"model": "registry.survey", "pk": 64, "fields": {"date": null, "stage": null, "sportsman": 64, "weight": "87.6", "length": "192.0", "spit_leg_length": 117, "foot_length": null, "torso_length_7": "72.0", "arm_span": 202, "chest_girth_inspiration": "103.5", "exhaling_chest": "96.0", "excursion_difference": "7.5", "spirometry_yellow": 8000, "breath_hold_stange": "176.0", "deadweight_dynamometry": null, "dynamometry_right": 48, "dynamometry_left": 30, "tallow_mass": null, "muscle_mass": null, "open_eyes": null, "close_eyes": null, "target": null, "kg": null, "chss": null, "arterial_pressure_f": null, "arterial_pressure_s": null, "mpc": null}}, {"model": "registry.survey", "pk": 65, "fields": {"date": null, "stage": null, "sportsman": 65, "weight": "72.6", "length": "185.0", "spit_leg_length": 109, "foot_length": null, "torso_length_7": "70.0", "arm_span": 185, "chest_girth_inspiration": "97.0", "exhaling_chest": "88.5", "excursion_difference": "8.5", "spirometry_yellow": 6200, "breath_hold_stange": "148.0", "deadweight_dynamometry": null, "dynamometry_right": 40, "dynamometry_left": 35, "tallow_mass": null, "muscle_mass": null, "open_eyes": null, "close_eyes": null, "target": null, "kg": null, "chss": null, "arterial_pressure_f": null, "arterial_pressure_s": null, "mpc": null}}, {"model": "registry.survey", "pk": 66, "fields": {"date": null, "stage": null, "sportsman": 66, "weight": "74.0", "length": "189.0", "spit_leg_length": 118, "foot_length": null, "torso_length_7": "70.0", "arm_span": 197, "chest_girth_inspiration": "102.0", "exhaling_chest": "93.5", "excursion_difference": "8.5", "spirometry_yellow": 6200, "breath_hold_stange": "75.0", "deadweight_dynamometry": null, "dynamometry_right": 42, "dynamometry_left": 32, "tallow_mass": null, "muscle_mass": null, "open_eyes": null, "close_eyes": null, "target": null, "kg": null, "chss": null, "arterial_pressure_f": null, "arterial_pressure_s": null, "mpc": null}}, {"model": "registry.survey", "pk": 67, "fields": {"date": null, "stage": null, "sportsman": 67, "weight": "80.0", "length": "183.0", "spit_leg_length": 117, "foot_length": null, "torso_length_7": "72.0", "arm_span": 180, "chest_girth_inspiration": "101.0", "exhaling_chest": "94.5", "excursion_difference": "6.5", "spirometry_yellow": 7000, "breath_hold_stange": "96.0", "deadweight_dynamometry": null, "dynamometry_right": 45, "dynamometry_left": 43, "tallow_mass": "12.9", "muscle_mass": "3.0", "open_eyes": "84.0", "close_eyes": "73.0", "target": "73.0", "kg": "20.5", "chss": "77.0", "arterial_pressure_f": "115.0", "arterial_pressure_s": "65.0", "mpc": "50.0"}}, {"model": "registry.survey", "pk": 68, "fields": {"date": null, "stage": null, "sportsman": 68, "weight": "89.8", "length": "198.0", "spit_leg_length": 122, "foot_length": null, "torso_length_7": "74.0", "arm_span": 195, "chest_girth_inspiration": "107.5", "exhaling_chest": "101.0", "excursion_difference": "6.5", "spirometry_yellow": 7500, "breath_hold_stange": "54.0", "deadweight_dynamometry": null, "dynamometry_right": 52, "dynamometry_left": 49, "tallow_mass": "12.0", "muscle_mass": "5.0", "open_eyes": "93.0", "close_eyes": "86.0", "target": "85.0", "kg": "20.2", "chss": "70.0", "arterial_pressure_f": "110.0", "arterial_pressure_s": "60.0", "mpc": "49.0"}}, {"model": "registry.survey", "pk": 69, "fields": {"date": null, "stage": null, "sportsman": 69, "weight": "89.5", "length": "192.5", "spit_leg_length": 121, "foot_length": null, "torso_length_7": "72.0", "arm_span": 200, "chest_girth_inspiration": "109.0", "exhaling_chest": "101.0", "excursion_difference": "8.0", "spirometry_yellow": 7500, "breath_hold_stange": "62.0", "deadweight_dynamometry": null, "dynamometry_right": 64, "dynamometry_left": 64, "tallow_mass": null, "muscle_mass": null, "open_eyes": null, "close_eyes": null, "target": null, "kg": null, "chss": null, "arterial_pressure_f": null, "arterial_pressure_s": null, "mpc": null}}, {"model": "registry.survey", "pk": 70, "fields": {"date": null, "stage": null, "sportsman": 70, "weight": "94.0", "length": "191.0", "spit_leg_length": 118, "foot_length": null, "torso_length_7": "71.0", "arm_span": 197, "chest_girth_inspiration": "110.0", "exhaling_chest": "105.0", "excursion_difference": "5.0", "spirometry_yellow": 6500, "breath_hold_stange": "52.0", "deadweight_dynamometry": null, "dynamometry_right": 54, "dynamometry_left": 54, "tallow_mass": null, "muscle_mass": null, "open_eyes": null, "close_eyes": null, "target": null, "kg": null, "chss": null, "arterial_pressure_f": null, "arterial_pressure_s": null, "mpc": null}}, {"model": "registry.survey", "pk": 71, "fields": {"date": null, "stage": null, "sportsman": 71, "weight": "87.4", "length": "184.0", "spit_leg_length": 112, "foot_length": null, "torso_length_7": "69.0", "arm_span": 185, "chest_girth_inspiration": "103.0", "exhaling_chest": "97.0", "excursion_difference": "6.0", "spirometry_yellow": 5500, "breath_hold_stange": "54.0", "deadweight_dynamometry": null, "dynamometry_right": 40, "dynamometry_left": 36, "tallow_mass": null, "muscle_mass": null, "open_eyes": null, "close_eyes": null, "target": null, "kg": null, "chss": null, "arterial_pressure_f": null, "arterial_pressure_s": null, "mpc": null}}, {"model": "registry.survey", "pk": 72, "fields": {"date": null, "stage": null, "sportsman": 72, "weight": "83.7", "length": "188.0", "spit_leg_length": 114, "foot_length": null, "torso_length_7": "71.0", "arm_span": 194, "chest_girth_inspiration": "102.5", "exhaling_chest": "96.0", "excursion_difference": "6.5", "spirometry_yellow": 6100, "breath_hold_stange": "123.0", "deadweight_dynamometry": null, "dynamometry_right": 60, "dynamometry_left": 45, "tallow_mass": null, "muscle_mass": null, "open_eyes": null, "close_eyes": null, "target": null, "kg": null, "chss": null, "arterial_pressure_f": null, "arterial_pressure_s": null, "mpc": null}}, {"model": "registry.survey", "pk": 73, "fields": {"date": null, "stage": null, "sportsman": 73, "weight": "88.0", "length": "192.0", "spit_leg_length": 118, "foot_length": null, "torso_length_7": "71.0", "arm_span": 180, "chest_girth_inspiration": "99.0", "exhaling_chest": "92.0", "excursion_difference": "7.0", "spirometry_yellow": 6500, "breath_hold_stange": "40.0", "deadweight_dynamometry": null, "dynamometry_right": 64, "dynamometry_left": 54, "tallow_mass": null, "muscle_mass": null, "open_eyes": null, "close_eyes": null, "target": null, "kg": null, "chss": null, "arterial_pressure_f": null, "arterial_pressure_s": null, "mpc": null}}, {"model": "registry.survey", "pk": 74, "fields": {"date": null, "stage": null, "sportsman": 74, "weight": "83.0", "length": "179.0", "spit_leg_length": 114, "foot_length": null, "torso_length_7": "62.0", "arm_span": 190, "chest_girth_inspiration": "103.0", "exhaling_chest": "96.0", "excursion_difference": "7.0", "spirometry_yellow": 5500, "breath_hold_stange": "72.0", "deadweight_dynamometry": null, "dynamometry_right": 39, "dynamometry_left": 34, "tallow_mass": null, "muscle_mass": null, "open_eyes": null, "close_eyes": null, "target": null, "kg": null, "chss": null, "arterial_pressure_f": null, "arterial_pressure_s": null, "mpc": null}}, {"model": "registry.survey", "pk": 75, "fields": {"date": null, "stage": null, "sportsman": 75, "weight": "76.0", "length": "186.0", "spit_leg_length": 113, "foot_length": null, "torso_length_7": "71.0", "arm_span": 185, "chest_girth_inspiration": "99.0", "exhaling_chest": "92.0", "excursion_difference": "7.0", "spirometry_yellow": 5700, "breath_hold_stange": "49.0", "deadweight_dynamometry": null, "dynamometry_right": 40, "dynamometry_left": 44, "tallow_mass": null, "muscle_mass": null, "open_eyes": null, "close_eyes": null, "target": null, "kg": null, "chss": null, "arterial_pressure_f": null, "arterial_pressure_s": null, "mpc": null}}, {"model": "registry.survey", "pk": 76, "fields": {"date": null, "stage": null, "sportsman": 76, "weight": "81.0", "length": "180.0", "spit_leg_length": 113, "foot_length": null, "torso_length_7": "68.0", "arm_span": 184, "chest_girth_inspiration": "104.0", "exhaling_chest": "94.5", "excursion_difference": "7.5", "spirometry_yellow": 5500, "breath_hold_stange": "54.0", "deadweight_dynamometry": null, "dynamometry_right": 42, "dynamometry_left": 40, "tallow_mass": null, "muscle_mass": null, "open_eyes": null, "close_eyes": null, "target": null, "kg": null, "chss": null, "arterial_pressure_f": null, "arterial_pressure_s": null, "mpc": null}}, {"model": "registry.survey", "pk": 77, "fields": {"date": null, "stage": null, "sportsman": 77, "weight": "75.5", "length": "192.0", "spit_leg_length": 117, "foot_length": null, "torso_length_7": "70.0", "arm_span": 192, "chest_girth_inspiration": "98.0", "exhaling_chest": "90.5", "excursion_difference": "7.5", "spirometry_yellow": 6500, "breath_hold_stange": "96.0", "deadweight_dynamometry": null, "dynamometry_right": 41, "dynamometry_left": 40, "tallow_mass": null, "muscle_mass": null, "open_eyes": null, "close_eyes": null, "target": null, "kg": null, "chss": null, "arterial_pressure_f": null, "arterial_pressure_s": null, "mpc": null}}, {"model": "registry.survey", "pk": 78, "fields": {"date": null, "stage": null, "sportsman": 78, "weight": "74.0", "length": "177.5", "spit_leg_length": 114, "foot_length": null, "torso_length_7": "68.0", "arm_span": 187, "chest_girth_inspiration": "105.0", "exhaling_chest": "94.0", "excursion_difference": "9.0", "spirometry_yellow": 5300, "breath_hold_stange": "48.0", "deadweight_dynamometry": null, "dynamometry_right": 37, "dynamometry_left": 38, "tallow_mass": null, "muscle_mass": null, "open_eyes": null, "close_eyes": null, "target": null, "kg": null, "chss": null, "arterial_pressure_f": null, "arterial_pressure_s": null, "mpc": null}}, {"model": "registry.survey", "pk": 79, "fields": {"date": null, "stage": null, "sportsman": 79, "weight": "65.0", "length": "171.0", "spit_leg_length": 108, "foot_length": null, "torso_length_7": "69.0", "arm_span": 171, "chest_girth_inspiration": "90.0", "exhaling_chest": "83.0", "excursion_difference": "7.0", "spirometry_yellow": 4900, "breath_hold_stange": "70.0", "deadweight_dynamometry": null, "dynamometry_right": 25, "dynamometry_left": 20, "tallow_mass": null, "muscle_mass": null, "open_eyes": null, "close_eyes": null, "target": null, "kg": null, "chss": null, "arterial_pressure_f": null, "arterial_pressure_s": null, "mpc": null}}, {"model": "registry.survey", "pk": 80, "fields": {"date": null, "stage": null, "sportsman": 80, "weight": "80.0", "length": "185.0", "spit_leg_length": 113, "foot_length": null, "torso_length_7": "72.0", "arm_span": 187, "chest_girth_inspiration": "98.0", "exhaling_chest": "91.0", "excursion_difference": "7.0", "spirometry_yellow": 5900, "breath_hold_stange": "85.0", "deadweight_dynamometry": null, "dynamometry_right": 49, "dynamometry_left": 44, "tallow_mass": null, "muscle_mass": "4.0", "open_eyes": "78.0", "close_eyes": "53.0", "target": "74.0", "kg": null, "chss": "65.0", "arterial_pressure_f": "125.0", "arterial_pressure_s": "70.0", "mpc": "42.0"}}, {"model": "registry.survey", "pk": 81, "fields": {"date": null, "stage": null, "sportsman": 81, "weight": null, "length": null, "spit_leg_length": null, "foot_length": null, "torso_length_7": null, "arm_span": null, "chest_girth_inspiration": null, "exhaling_chest": null, "excursion_difference": null, "spirometry_yellow": null, "breath_hold_stange": null, "deadweight_dynamometry": null, "dynamometry_right": null, "dynamometry_left": null, "tallow_mass": null, "muscle_mass": null, "open_eyes": null, "close_eyes": null, "target": null, "kg": null, "chss": null, "arterial_pressure_f": null, "arterial_pressure_s": null, "mpc": null}}, {"model": "registry.survey", "pk": 82, "fields": {"date": null, "stage": null, "sportsman": 82, "weight": "90.0", "length": "192.5", "spit_leg_length": 117, "foot_length": null, "torso_length_7": "71.0", "arm_span": 194, "chest_girth_inspiration": "106.0", "exhaling_chest": "98.0", "excursion_difference": "8.0", "spirometry_yellow": 7200, "breath_hold_stange": "105.0", "deadweight_dynamometry": null, "dynamometry_right": 55, "dynamometry_left": 55, "tallow_mass": null, "muscle_mass": null, "open_eyes": null, "close_eyes": null, "target": null, "kg": null, "chss": null, "arterial_pressure_f": null, "arterial_pressure_s": null, "mpc": null}}, {"model": "registry.survey", "pk": 83, "fields": {"date": null, "stage": null, "sportsman": 83, "weight": "80.0", "length": "184.5", "spit_leg_length": 104, "foot_length": null, "torso_length_7": "70.0", "arm_span": 184, "chest_girth_inspiration": "104.0", "exhaling_chest": "100.5", "excursion_difference": "3.5", "spirometry_yellow": 7800, "breath_hold_stange": "187.0", "deadweight_dynamometry": null, "dynamometry_right": 53, "dynamometry_left": 54, "tallow_mass": null, "muscle_mass": null, "open_eyes": null, "close_eyes": null, "target": null, "kg": null, "chss": null, "arterial_pressure_f": null, "arterial_pressure_s": null, "mpc": null}}, {"model": "registry.survey", "pk": 84, "fields": {"date": "2019-11-06", "stage": null, "sportsman": 1, "weight": null, "length": null, "spit_leg_length": null, "foot_length": null, "torso_length_7": null, "arm_span": null, "chest_girth_inspiration": null, "exhaling_chest": null, "excursion_difference": null, "spirometry_yellow": null, "breath_hold_stange": null, "deadweight_dynamometry": null, "dynamometry_right": null, "dynamometry_left": null, "tallow_mass": null, "muscle_mass": null, "open_eyes": null, "close_eyes": null, "target": null, "kg": null, "chss": null, "arterial_pressure_f": null, "arterial_pressure_s": null, "mpc": null}}, {"model": "registry.survey", "pk": 85, "fields": {"date": "2020-11-08", "stage": "2 \u044d\u0442\u0430\u043f", "sportsman": 1, "weight": null, "length": null, "spit_leg_length": null, "foot_length": null, "torso_length_7": null, "arm_span": null, "chest_girth_inspiration": null, "exhaling_chest": null, "excursion_difference": null, "spirometry_yellow": null, "breath_hold_stange": null, "deadweight_dynamometry": null, "dynamometry_right": null, "dynamometry_left": null, "tallow_mass": null, "muscle_mass": null, "open_eyes": null, "close_eyes": null, "target": null, "kg": null, "chss": null, "arterial_pressure_f": null, "arterial_pressure_s": null, "mpc": null}}, {"model": "registry.survey", "pk": 86, "fields": {"date": "2020-11-08", "stage": "2 \u044d\u0442\u0430\u043f", "sportsman": 1, "weight": null, "length": null, "spit_leg_length": null, "foot_length": null, "torso_length_7": null, "arm_span": null, "chest_girth_inspiration": null, "exhaling_chest": null, "excursion_difference": null, "spirometry_yellow": null, "breath_hold_stange": null, "deadweight_dynamometry": null, "dynamometry_right": null, "dynamometry_left": null, "tallow_mass": null, "muscle_mass": null, "open_eyes": null, "close_eyes": null, "target": null, "kg": null, "chss": null, "arterial_pressure_f": null, "arterial_pressure_s": null, "mpc": null}}, {"model": "registry.primary", "pk": 7, "fields": {"past_diseases": null, "height_father": "187.0", "weight_father": "105.0", "body_type_father": "\u042d\u043d\u0434\u043e\u043c\u043e\u0440\u0444", "height_mother": "163.0", "weight_mother": "89.0", "body_type_mother": "\u042d\u043d\u0434\u043e\u043c\u043e\u0440\u0444", "chest_shape": null, "back_shape": null, "speed": 45, "strength": 35, "stamina": 14, "coordination": 6, "nervous_system_potential": "\u0421\u043b\u0430\u0431\u0430\u044f", "run_30": null, "jump_place": null, "pull_ups": 16, "concept": null, "run_1500": null, "concept_500": null, "motivation": null, "willed_qualities": null, "recommendations": [1]}}, {"model": "registry.primary", "pk": 8, "fields": {"past_diseases": null, "height_father": "180.0", "weight_father": "80.0", "body_type_father": "\u041c\u0435\u0437\u043e\u043c\u043e\u0440\u0444", "height_mother": "180.0", "weight_mother": "70.0", "body_type_mother": "\u041c\u0435\u0437\u043e\u043c\u043e\u0440\u0444", "chest_shape": null, "back_shape": null, "speed": 39, "strength": 27, "stamina": 22, "coordination": 12, "nervous_system_potential": "\u0421\u0440\u0435\u0434\u043d\u0435-\u0441\u043b\u0430\u0431\u0430\u044f", "run_30": null, "jump_place": null, "pull_ups": 8, "concept": null, "run_1500": null, "concept_500": null, "motivation": null, "willed_qualities": null, "recommendations": [1]}}, {"model": "registry.primary", "pk": 9, "fields": {"past_diseases": null, "height_father": "175.0", "weight_father": "85.0", "body_type_father": "\u041c\u0435\u0437\u043e\u043c\u043e\u0440\u0444", "height_mother": "165.0", "weight_mother": "63.0", "body_type_mother": "\u041c\u0435\u0437\u043e\u043c\u043e\u0440\u0444", "chest_shape": null, "back_shape": null, "speed": 39, "strength": 27, "stamina": 22, "coordination": 12, "nervous_system_potential": "\u0421\u0440\u0435\u0434\u043d\u0435-\u0441\u043b\u0430\u0431\u0430\u044f", "run_30": null, "jump_place": null, "pull_ups": 14, "concept": null, "run_1500": null, "concept_500": null, "motivation": null, "willed_qualities": null, "recommendations": [1]}}, {"model": "registry.primary", "pk": 18, "fields": {"past_diseases": null, "height_father": "180.0", "weight_father": "90.0", "body_type_father": "\u041c\u0435\u0437\u043e\u043c\u043e\u0440\u0444", "height_mother": "173.0", "weight_mother": "57.0", "body_type_mother": "\u041c\u0435\u0437\u043e\u043c\u043e\u0440\u0444", "chest_shape": null, "back_shape": null, "speed": 9, "strength": 24, "stamina": 23, "coordination": 44, "nervous_system_potential": "\u0421\u0438\u043b\u044c\u043d\u0430\u044f", "run_30": "4.9", "jump_place": "200.0", "pull_ups": 12, "concept": null, "run_1500": null, "concept_500": null, "motivation": null, "willed_qualities": null, "recommendations": [1]}}, {"model": "registry.primary", "pk": 2, "fields": {"past_diseases": null, "height_father": "187.0", "weight_father": "115.0", "body_type_father": "\u042d\u043d\u0434\u043e\u043c\u043e\u0440\u0444", "height_mother": "165.0", "weight_mother": "85.0", "body_type_mother": "\u042d\u043d\u0434\u043e\u043c\u043e\u0440\u0444", "chest_shape": null, "back_shape": null, "speed": 9, "strength": 24, "stamina": 23, "coordination": 44, "nervous_system_potential": "\u0421\u0438\u043b\u044c\u043d\u0430\u044f", "run_30": "4.7", "jump_place": "1.1", "pull_ups": 25, "concept": null, "run_1500": null, "concept_500": null, "motivation": null, "willed_qualities": null, "recommendations": [1]}}, {"model": "registry.primary", "pk": 1, "fields": {"past_diseases": null, "height_father": null, "weight_father": null, "body_type_father": null, "height_mother": null, "weight_mother": null, "body_type_mother": null, "chest_shape": null, "back_shape": null, "speed": 19, "strength": 26, "stamina": 41, "coordination": 14, "nervous_system_potential": "\u0421\u0440\u0435\u0434\u043d\u0435-\u0441\u0438\u043b\u044c\u043d\u0430\u044f", "run_30": "4.7", "jump_place": "1.1", "pull_ups": 16, "concept": null, "run_1500": null, "concept_500": null, "motivation": null, "willed_qualities": null, "recommendations": [1]}}, {"model": "registry.primary", "pk": 3, "fields": {"past_diseases": null, "height_father": "176.0", "weight_father": "69.0", "body_type_father": "\u041c\u0435\u0437\u043e\u043c\u043e\u0440\u0444", "height_mother": "172.0", "weight_mother": "78.0", "body_type_mother": "\u042d\u043d\u0434\u043e\u043c\u043e\u0440\u0444", "chest_shape": null, "back_shape": null, "speed": 9, "strength": 24, "stamina": 23, "coordination": 44, "nervous_system_potential": "\u0421\u0438\u043b\u044c\u043d\u0430\u044f", "run_30": "5.5", "jump_place": "1.1", "pull_ups": 19, "concept": null, "run_1500": null, "concept_500": null, "motivation": null, "willed_qualities": null, "recommendations": [1]}}, {"model": "registry.primary", "pk": 4, "fields": {"past_diseases": null, "height_father": "185.0", "weight_father": "80.0", "body_type_father": "\u042d\u043a\u0442\u043e\u043c\u043e\u0440\u0444", "height_mother": "180.0", "weight_mother": "95.0", "body_type_mother": "\u042d\u043d\u0434\u043e\u043c\u043e\u0440\u0444", "chest_shape": null, "back_shape": null, "speed": 39, "strength": 27, "stamina": 22, "coordination": 12, "nervous_system_potential": "\u0421\u0440\u0435\u0434\u043d\u0435-\u0441\u043b\u0430\u0431\u0430\u044f", "run_30": "5.2", "jump_place": null, "pull_ups": 26, "concept": null, "run_1500": null, "concept_500": null, "motivation": null, "willed_qualities": null, "recommendations": [1]}}, {"model": "registry.primary", "pk": 5, "fields": {"past_diseases": null, "height_father": "185.0", "weight_father": "85.0", "body_type_father": "\u041c\u0435\u0437\u043e\u043c\u043e\u0440\u0444", "height_mother": "180.0", "weight_mother": "70.0", "body_type_mother": "\u041c\u0435\u0437\u043e\u043c\u043e\u0440\u0444", "chest_shape": null, "back_shape": null, "speed": 9, "strength": 24, "stamina": 23, "coordination": 44, "nervous_system_potential": "\u0421\u0438\u043b\u044c\u043d\u0430\u044f", "run_30": "5.0", "jump_place": null, "pull_ups": 26, "concept": null, "run_1500": null, "concept_500": null, "motivation": null, "willed_qualities": null, "recommendations": [1]}}, {"model": "registry.primary", "pk": 6, "fields": {"past_diseases": null, "height_father": "174.0", "weight_father": "90.0", "body_type_father": "\u041c\u0435\u0437\u043e\u043c\u043e\u0440\u0444", "height_mother": "170.0", "weight_mother": "85.0", "body_type_mother": "\u042d\u043d\u0434\u043e\u043c\u043e\u0440\u0444", "chest_shape": null, "back_shape": null, "speed": 45, "strength": 35, "stamina": 14, "coordination": 6, "nervous_system_potential": "\u0421\u043b\u0430\u0431\u0430\u044f", "run_30": null, "jump_place": null, "pull_ups": null, "concept": null, "run_1500": null, "concept_500": null, "motivation": null, "willed_qualities": null, "recommendations": [1]}}, {"model": "registry.primary", "pk": 10, "fields": {"past_diseases": null, "height_father": "180.0", "weight_father": "94.0", "body_type_father": "\u041c\u0435\u0437\u043e\u043c\u043e\u0440\u0444", "height_mother": "167.0", "weight_mother": "59.0", "body_type_mother": "\u041c\u0435\u0437\u043e\u043c\u043e\u0440\u0444", "chest_shape": null, "back_shape": null, "speed": 39, "strength": 27, "stamina": 22, "coordination": 12, "nervous_system_potential": "\u0421\u0440\u0435\u0434\u043d\u0435-\u0441\u043b\u0430\u0431\u0430\u044f", "run_30": null, "jump_place": null, "pull_ups": 10, "concept": null, "run_1500": null, "concept_500": null, "motivation": null, "willed_qualities": null, "recommendations": [1]}}, {"model": "registry.primary", "pk": 11, "fields": {"past_diseases": "\u0431\u0440\u043e\u043d\u0445\u0438\u0442,\u043e\u0442\u0438\u0442,\u0432\u044b\u0431\u0438\u0442\u044b\u0439 \u043f\u0430\u043b\u0435\u0446", "height_father": null, "weight_father": null, "body_type_father": null, "height_mother": null, "weight_mother": null, "body_type_mother": null, "chest_shape": null, "back_shape": null, "speed": 9, "strength": 24, "stamina": 23, "coordination": 44, "nervous_system_potential": "\u0421\u0438\u043b\u044c\u043d\u0430\u044f", "run_30": null, "jump_place": null, "pull_ups": 7, "concept": null, "run_1500": null, "concept_500": null, "motivation": null, "willed_qualities": null, "recommendations": [1]}}, {"model": "registry.primary", "pk": 12, "fields": {"past_diseases": null, "height_father": "194.0", "weight_father": "100.0", "body_type_father": "\u041c\u0435\u0437\u043e\u043c\u043e\u0440\u0444", "height_mother": "164.0", "weight_mother": "93.0", "body_type_mother": "\u042d\u043d\u0434\u043e\u043c\u043e\u0440\u0444", "chest_shape": null, "back_shape": null, "speed": 19, "strength": 26, "stamina": 41, "coordination": 14, "nervous_system_potential": "\u0421\u0440\u0435\u0434\u043d\u0435-\u0441\u043b\u0430\u0431\u0430\u044f", "run_30": null, "jump_place": null, "pull_ups": 10, "concept": null, "run_1500": null, "concept_500": null, "motivation": null, "willed_qualities": null, "recommendations": [1]}}, {"model": "registry.primary", "pk": 13, "fields": {"past_diseases": null, "height_father": "176.0", "weight_father": "115.0", "body_type_father": "\u041c\u0435\u0437\u043e\u043c\u043e\u0440\u0444", "height_mother": "170.0", "weight_mother": "69.0", "body_type_mother": "\u041c\u0435\u0437\u043e\u043c\u043e\u0440\u0444", "chest_shape": null, "back_shape": null, "speed": 9, "strength": 24, "stamina": 23, "coordination": 44, "nervous_system_potential": "\u0421\u0438\u043b\u044c\u043d\u0430\u044f", "run_30": null, "jump_place": null, "pull_ups": 1, "concept": null, "run_1500": null, "concept_500": null, "motivation": null, "willed_qualities": null, "recommendations": [1]}}, {"model": "registry.primary", "pk": 14, "fields": {"past_diseases": "\u0440\u0430\u0441\u0442\u044f\u0436\u0435\u043d\u0438\u0435 \u0433\u043e\u043b\u0435\u043d\u0438,\u0430\u043d\u0433\u0438\u043d\u0430", "height_father": null, "weight_father": null, "body_type_father": "\u041c\u0435\u0437\u043e\u043c\u043e\u0440\u0444", "height_mother": null, "weight_mother": null, "body_type_mother": "\u042d\u043d\u0434\u043e\u043c\u043e\u0440\u0444", "chest_shape": null, "back_shape": null, "speed": 9, "strength": 32, "stamina": 35, "coordination": 24, "nervous_system_potential": "\u0421\u0438\u043b\u044c\u043d\u0430\u044f", "run_30": "4.9", "jump_place": "2.0", "pull_ups": 1, "concept": null, "run_1500": null, "concept_500": null, "motivation": null, "willed_qualities": null, "recommendations": [1]}}, {"model": "registry.primary", "pk": 15, "fields": {"past_diseases": "\u043f\u0435\u0440\u0435\u043b\u043e\u043c \u043d\u043e\u0433\u0438", "height_father": null, "weight_father": null, "body_type_father": "\u041c\u0435\u0437\u043e\u043c\u043e\u0440\u0444", "height_mother": null, "weight_mother": null, "body_type_mother": "\u042d\u043a\u0442\u043e\u043c\u043e\u0440\u0444", "chest_shape": null, "back_shape": null, "speed": 39, "strength": 27, "stamina": 22, "coordination": 12, "nervous_system_potential": "\u0421\u0440\u0435\u0434\u043d\u0435-\u0441\u043b\u0430\u0431\u0430\u044f", "run_30": null, "jump_place": "2.1", "pull_ups": 3, "concept": null, "run_1500": null, "concept_500": null, "motivation": null, "willed_qualities": null, "recommendations": [1]}}, {"model": "registry.primary", "pk": 16, "fields": {"past_diseases": "\u0441\u043b\u043e\u043c\u0430\u043d\u043d\u044b\u0439 \u043c\u0438\u0437\u0438\u043d\u0435\u0446 \u043f\u0440\u0430\u0432\u043e \u0440\u0443\u043a\u0438", "height_father": null, "weight_father": null, "body_type_father": null, "height_mother": null, "weight_mother": null, "body_type_mother": null, "chest_shape": null, "back_shape": null, "speed": 19, "strength": 266, "stamina": 41, "coordination": 14, "nervous_system_potential": "\u0421\u0440\u0435\u0434\u043d\u044f\u044f", "run_30": "5.0", "jump_place": "1.9", "pull_ups": 13, "concept": null, "run_1500": null, "concept_500": null, "motivation": null, "willed_qualities": null, "recommendations": [1]}}, {"model": "registry.primary", "pk": 17, "fields": {"past_diseases": "\u0432\u0435\u0442\u0440\u044f\u043d\u043a\u0430", "height_father": "175.0", "weight_father": "95.0", "body_type_father": null, "height_mother": "164.0", "weight_mother": "85.0", "body_type_mother": null, "chest_shape": null, "back_shape": null, "speed": 45, "strength": 35, "stamina": 14, "coordination": 6, "nervous_system_potential": "\u0421\u043b\u0430\u0431\u0430\u044f", "run_30": "5.0", "jump_place": null, "pull_ups": 4, "concept": null, "run_1500": null, "concept_500": null, "motivation": null, "willed_qualities": null, "recommendations": [1]}}, {"model": "registry.primary", "pk": 19, "fields": {"past_diseases": null, "height_father": null, "weight_father": null, "body_type_father": null, "height_mother": null, "weight_mother": null, "body_type_mother": null, "chest_shape": null, "back_shape": null, "speed": 9, "strength": 24, "stamina": 23, "coordination": 44, "nervous_system_potential": "\u0421\u0438\u043b\u044c\u043d\u0430\u044f", "run_30": "5.3", "jump_place": "170.0", "pull_ups": 0, "concept": null, "run_1500": null, "concept_500": null, "motivation": null, "willed_qualities": null, "recommendations": [1]}}, {"model": "registry.primary", "pk": 20, "fields": {"past_diseases": null, "height_father": null, "weight_father": null, "body_type_father": null, "height_mother": null, "weight_mother": null, "body_type_mother": null, "chest_shape": null, "back_shape": null, "speed": 45, "strength": 35, "stamina": 14, "coordination": 6, "nervous_system_potential": "\u0421\u043b\u0430\u0431\u0430\u044f", "run_30": "4.4", "jump_place": "225.0", "pull_ups": 5, "concept": null, "run_1500": null, "concept_500": null, "motivation": null, "willed_qualities": null, "recommendations": [1]}}, {"model": "registry.primary", "pk": 21, "fields": {"past_diseases": null, "height_father": null, "weight_father": null, "body_type_father": null, "height_mother": null, "weight_mother": null, "body_type_mother": null, "chest_shape": null, "back_shape": null, "speed": 9, "strength": 32, "stamina": 35, "coordination": 24, "nervous_system_potential": "\u0421\u0440\u0435\u0434\u043d\u0435-\u0441\u0438\u043b\u044c\u043d\u0430\u044f", "run_30": "5.2", "jump_place": "190.0", "pull_ups": 0, "concept": null, "run_1500": null, "concept_500": null, "motivation": null, "willed_qualities": null, "recommendations": [1]}}, {"model": "registry.primary", "pk": 22, "fields": {"past_diseases": null, "height_father": null, "weight_father": null, "body_type_father": "\u041c\u0435\u0437\u043e\u043c\u043e\u0440\u0444", "height_mother": null, "weight_mother": null, "body_type_mother": "\u042d\u043d\u0434\u043e\u043c\u043e\u0440\u0444", "chest_shape": null, "back_shape": null, "speed": 9, "strength": 24, "stamina": 23, "coordination": 44, "nervous_system_potential": "\u0421\u0438\u043b\u044c\u043d\u0430\u044f", "run_30": "4.6", "jump_place": "245.0", "pull_ups": 4, "concept": null, "run_1500": null, "concept_500": null, "motivation": null, "willed_qualities": null, "recommendations": [1]}}, {"model": "registry.primary", "pk": 23, "fields": {"past_diseases": null, "height_father": null, "weight_father": null, "body_type_father": null, "height_mother": null, "weight_mother": null, "body_type_mother": null, "chest_shape": null, "back_shape": null, "speed": 39, "strength": 32, "stamina": 22, "coordination": 22, "nervous_system_potential": "\u0421\u0440\u0435\u0434\u043d\u0435-\u0441\u043b\u0430\u0431\u0430\u044f", "run_30": "5.0", "jump_place": "190.0", "pull_ups": 0, "concept": null, "run_1500": null, "concept_500": null, "motivation": null, "willed_qualities": null, "recommendations": [1]}}, {"model": "registry.primary", "pk": 24, "fields": {"past_diseases": "\u043b\u043e\u043c\u0430\u043b \u043b\u0435\u0432\u0443\u044e \u043d\u043e\u0433\u0443 \u0438 \u0440\u0443\u043a\u0443", "height_father": null, "weight_father": null, "body_type_father": null, "height_mother": null, "weight_mother": null, "body_type_mother": null, "chest_shape": null, "back_shape": null, "speed": 9, "strength": 24, "stamina": 23, "coordination": 44, "nervous_system_potential": "\u0421\u0438\u043b\u044c\u043d\u0430\u044f", "run_30": "4.5", "jump_place": "220.0", "pull_ups": 10, "concept": null, "run_1500": null, "concept_500": null, "motivation": null, "willed_qualities": null, "recommendations": [1]}}, {"model": "registry.primary", "pk": 25, "fields": {"past_diseases": null, "height_father": "173.0", "weight_father": "72.0", "body_type_father": "\u042d\u043d\u0434\u043e\u043c\u043e\u0440\u0444", "height_mother": "165.0", "weight_mother": "51.0", "body_type_mother": "\u042d\u043a\u0442\u043e\u043c\u043e\u0440\u0444", "chest_shape": null, "back_shape": null, "speed": 9, "strength": 24, "stamina": 23, "coordination": 44, "nervous_system_potential": "\u0421\u0438\u043b\u044c\u043d\u0430\u044f", "run_30": "5.4", "jump_place": "140.0", "pull_ups": 0, "concept": null, "run_1500": null, "concept_500": null, "motivation": null, "willed_qualities": null, "recommendations": [1]}}, {"model": "registry.primary", "pk": 26, "fields": {"past_diseases": null, "height_father": null, "weight_father": null, "body_type_father": null, "height_mother": null, "weight_mother": null, "body_type_mother": null, "chest_shape": null, "back_shape": null, "speed": 9, "strength": 32, "stamina": 35, "coordination": 24, "nervous_system_potential": "\u0421\u0438\u043b\u044c\u043d\u0430\u044f", "run_30": "5.1", "jump_place": "220.0", "pull_ups": 5, "concept": null, "run_1500": null, "concept_500": null, "motivation": null, "willed_qualities": null, "recommendations": [1]}}, {"model": "registry.primary", "pk": 27, "fields": {"past_diseases": null, "height_father": null, "weight_father": null, "body_type_father": null, "height_mother": null, "weight_mother": null, "body_type_mother": null, "chest_shape": null, "back_shape": null, "speed": 9, "strength": 24, "stamina": 23, "coordination": 44, "nervous_system_potential": "\u0421\u0438\u043b\u044c\u043d\u0430\u044f", "run_30": null, "jump_place": "205.0", "pull_ups": 15, "concept": null, "run_1500": null, "concept_500": null, "motivation": null, "willed_qualities": null, "recommendations": [1]}}, {"model": "registry.primary", "pk": 28, "fields": {"past_diseases": null, "height_father": null, "weight_father": null, "body_type_father": null, "height_mother": null, "weight_mother": null, "body_type_mother": null, "chest_shape": null, "back_shape": null, "speed": 19, "strength": 26, "stamina": 41, "coordination": 14, "nervous_system_potential": "\u0421\u0440\u0435\u0434\u043d\u044f\u044f", "run_30": "5.0", "jump_place": "190.0", "pull_ups": 13, "concept": null, "run_1500": null, "concept_500": null, "motivation": null, "willed_qualities": null, "recommendations": [1]}}, {"model": "registry.primary", "pk": 29, "fields": {"past_diseases": null, "height_father": null, "weight_father": null, "body_type_father": null, "height_mother": null, "weight_mother": null, "body_type_mother": null, "chest_shape": null, "back_shape": null, "speed": 99, "strength": 32, "stamina": 35, "coordination": 24, "nervous_system_potential": "\u0421\u0440\u0435\u0434\u043d\u0435-\u0441\u0438\u043b\u044c\u043d\u0430\u044f", "run_30": "5.1", "jump_place": "190.0", "pull_ups": 0, "concept": null, "run_1500": null, "concept_500": null, "motivation": null, "willed_qualities": null, "recommendations": [1]}}, {"model": "registry.primary", "pk": 30, "fields": {"past_diseases": null, "height_father": null, "weight_father": null, "body_type_father": null, "height_mother": null, "weight_mother": null, "body_type_mother": null, "chest_shape": null, "back_shape": null, "speed": 19, "strength": 26, "stamina": 41, "coordination": 14, "nervous_system_potential": "\u0421\u0440\u0435\u0434\u043d\u0435-\u0441\u0438\u043b\u044c\u043d\u0430\u044f", "run_30": null, "jump_place": "160.0", "pull_ups": 19, "concept": null, "run_1500": null, "concept_500": null, "motivation": null, "willed_qualities": null, "recommendations": [1]}}, {"model": "registry.primary", "pk": 31, "fields": {"past_diseases": null, "height_father": null, "weight_father": null, "body_type_father": null, "height_mother": null, "weight_mother": null, "body_type_mother": null, "chest_shape": null, "back_shape": null, "speed": 39, "strength": 27, "stamina": 22, "coordination": 12, "nervous_system_potential": "\u0421\u0440\u0435\u0434\u043d\u0435-\u0441\u043b\u0430\u0431\u0430\u044f", "run_30": "4.8", "jump_place": "200.0", "pull_ups": 15, "concept": null, "run_1500": null, "concept_500": null, "motivation": null, "willed_qualities": null, "recommendations": [1]}}, {"model": "registry.primary", "pk": 84, "fields": {"past_diseases": null, "height_father": null, "weight_father": null, "body_type_father": null, "height_mother": null, "weight_mother": null, "body_type_mother": null, "chest_shape": null, "back_shape": null, "speed": 4, "strength": null, "stamina": null, "coordination": null, "nervous_system_potential": "\u0421\u0440\u0435\u0434\u043d\u044f\u044f", "run_30": null, "jump_place": null, "pull_ups": null, "concept": null, "run_1500": null, "concept_500": null, "motivation": null, "willed_qualities": null, "recommendations": []}}, {"model": "registry.primary", "pk": 85, "fields": {"past_diseases": null, "height_father": null, "weight_father": null, "body_type_father": null, "height_mother": null, "weight_mother": null, "body_type_mother": null, "chest_shape": null, "back_shape": null, "speed": null, "strength": null, "stamina": null, "coordination": null, "nervous_system_potential": "\u0421\u0440\u0435\u0434\u043d\u044f\u044f", "run_30": null, "jump_place": null, "pull_ups": null, "concept": null, "run_1500": null, "concept_500": null, "motivation": null, "willed_qualities": null, "recommendations": []}}, {"model": "registry.primary", "pk": 86, "fields": {"past_diseases": null, "height_father": null, "weight_father": null, "body_type_father": null, "height_mother": null, "weight_mother": null, "body_type_mother": null, "chest_shape": null, "back_shape": null, "speed": null, "strength": null, "stamina": null, "coordination": null, "nervous_system_potential": "\u0421\u0440\u0435\u0434\u043d\u044f\u044f", "run_30": null, "jump_place": null, "pull_ups": null, "concept": null, "run_1500": null, "concept_500": null, "motivation": null, "willed_qualities": null, "recommendations": []}}, {"model": "registry.umo", "pk": 32, "fields": {"rest": null, "load": null, "ultrasound_heart": null, "plantometry": null, "cns_functional": null, "cns_level": null, "grv": null, "golden_ratio": null, "voltage_index": null, "spectral_analysis": null, "integral_indicator": null, "adaptive_capabilities": null, "functional_reserves": null}}, {"model": "registry.umo", "pk": 33, "fields": {"rest": null, "load": null, "ultrasound_heart": null, "plantometry": null, "cns_functional": null, "cns_level": null, "grv": null, "golden_ratio": null, "voltage_index": null, "spectral_analysis": null, "integral_indicator": null, "adaptive_capabilities": null, "functional_reserves": null}}, {"model": "registry.umo", "pk": 34, "fields": {"rest": null, "load": null, "ultrasound_heart": null, "plantometry": null, "cns_functional": null, "cns_level": null, "grv": null, "golden_ratio": null, "voltage_index": null, "spectral_analysis": null, "integral_indicator": null, "adaptive_capabilities": null, "functional_reserves": null}}, {"model": "registry.umo", "pk": 35, "fields": {"rest": null, "load": null, "ultrasound_heart": null, "plantometry": null, "cns_functional": null, "cns_level": null, "grv": null, "golden_ratio": null, "voltage_index": null, "spectral_analysis": null, "integral_indicator": null, "adaptive_capabilities": null, "functional_reserves": null}}, {"model": "registry.umo", "pk": 36, "fields": {"rest": 2, "load": 3, "ultrasound_heart": null, "plantometry": 4, "cns_functional": 3, "cns_level": 4, "grv": null, "golden_ratio": 3, "voltage_index": 3, "spectral_analysis": 2, "integral_indicator": 3, "adaptive_capabilities": 3, "functional_reserves": 3}}, {"model": "registry.umo", "pk": 37, "fields": {"rest": 2, "load": 2, "ultrasound_heart": null, "plantometry": 4, "cns_functional": 4, "cns_level": 4, "grv": null, "golden_ratio": 4, "voltage_index": 3, "spectral_analysis": 3, "integral_indicator": 3, "adaptive_capabilities": 4, "functional_reserves": 4}}, {"model": "registry.umo", "pk": 38, "fields": {"rest": null, "load": null, "ultrasound_heart": null, "plantometry": null, "cns_functional": null, "cns_level": null, "grv": null, "golden_ratio": null, "voltage_index": null, "spectral_analysis": null, "integral_indicator": null, "adaptive_capabilities": null, "functional_reserves": null}}, {"model": "registry.umo", "pk": 39, "fields": {"rest": null, "load": null, "ultrasound_heart": null, "plantometry": null, "cns_functional": null, "cns_level": null, "grv": null, "golden_ratio": null, "voltage_index": null, "spectral_analysis": null, "integral_indicator": null, "adaptive_capabilities": null, "functional_reserves": null}}, {"model": "registry.umo", "pk": 40, "fields": {"rest": null, "load": null, "ultrasound_heart": null, "plantometry": null, "cns_functional": null, "cns_level": null, "grv": null, "golden_ratio": null, "voltage_index": null, "spectral_analysis": null, "integral_indicator": null, "adaptive_capabilities": null, "functional_reserves": null}}, {"model": "registry.umo", "pk": 41, "fields": {"rest": null, "load": null, "ultrasound_heart": null, "plantometry": null, "cns_functional": null, "cns_level": null, "grv": null, "golden_ratio": null, "voltage_index": null, "spectral_analysis": null, "integral_indicator": null, "adaptive_capabilities": null, "functional_reserves": null}}, {"model": "registry.umo", "pk": 42, "fields": {"rest": null, "load": null, "ultrasound_heart": null, "plantometry": null, "cns_functional": null, "cns_level": null, "grv": null, "golden_ratio": null, "voltage_index": null, "spectral_analysis": null, "integral_indicator": null, "adaptive_capabilities": null, "functional_reserves": null}}, {"model": "registry.umo", "pk": 46, "fields": {"rest": null, "load": null, "ultrasound_heart": null, "plantometry": null, "cns_functional": null, "cns_level": null, "grv": null, "golden_ratio": null, "voltage_index": null, "spectral_analysis": null, "integral_indicator": null, "adaptive_capabilities": null, "functional_reserves": null}}, {"model": "registry.umo", "pk": 47, "fields": {"rest": null, "load": null, "ultrasound_heart": null, "plantometry": null, "cns_functional": null, "cns_level": null, "grv": null, "golden_ratio": null, "voltage_index": null, "spectral_analysis": null, "integral_indicator": null, "adaptive_capabilities": null, "functional_reserves": null}}, {"model": "registry.umo", "pk": 48, "fields": {"rest": null, "load": null, "ultrasound_heart": null, "plantometry": null, "cns_functional": null, "cns_level": null, "grv": null, "golden_ratio": null, "voltage_index": null, "spectral_analysis": null, "integral_indicator": null, "adaptive_capabilities": null, "functional_reserves": null}}, {"model": "registry.umo", "pk": 49, "fields": {"rest": 3, "load": 4, "ultrasound_heart": null, "plantometry": 4, "cns_functional": 4, "cns_level": 5, "grv": null, "golden_ratio": 4, "voltage_index": 4, "spectral_analysis": 4, "integral_indicator": 4, "adaptive_capabilities": 4, "functional_reserves": 4}}, {"model": "registry.umo", "pk": 50, "fields": {"rest": null, "load": null, "ultrasound_heart": null, "plantometry": null, "cns_functional": null, "cns_level": null, "grv": null, "golden_ratio": null, "voltage_index": null, "spectral_analysis": null, "integral_indicator": null, "adaptive_capabilities": null, "functional_reserves": null}}, {"model": "registry.umo", "pk": 51, "fields": {"rest": null, "load": null, "ultrasound_heart": null, "plantometry": null, "cns_functional": null, "cns_level": null, "grv": null, "golden_ratio": null, "voltage_index": null, "spectral_analysis": null, "integral_indicator": null, "adaptive_capabilities": null, "functional_reserves": null}}, {"model": "registry.umo", "pk": 52, "fields": {"rest": null, "load": null, "ultrasound_heart": null, "plantometry": null, "cns_functional": null, "cns_level": null, "grv": null, "golden_ratio": null, "voltage_index": null, "spectral_analysis": null, "integral_indicator": null, "adaptive_capabilities": null, "functional_reserves": null}}, {"model": "registry.umo", "pk": 53, "fields": {"rest": null, "load": null, "ultrasound_heart": null, "plantometry": null, "cns_functional": null, "cns_level": null, "grv": null, "golden_ratio": null, "voltage_index": null, "spectral_analysis": null, "integral_indicator": null, "adaptive_capabilities": null, "functional_reserves": null}}, {"model": "registry.umo", "pk": 54, "fields": {"rest": null, "load": null, "ultrasound_heart": null, "plantometry": null, "cns_functional": null, "cns_level": null, "grv": null, "golden_ratio": null, "voltage_index": null, "spectral_analysis": null, "integral_indicator": null, "adaptive_capabilities": null, "functional_reserves": null}}, {"model": "registry.umo", "pk": 55, "fields": {"rest": null, "load": null, "ultrasound_heart": null, "plantometry": null, "cns_functional": null, "cns_level": null, "grv": null, "golden_ratio": null, "voltage_index": null, "spectral_analysis": null, "integral_indicator": null, "adaptive_capabilities": null, "functional_reserves": null}}, {"model": "registry.umo", "pk": 56, "fields": {"rest": null, "load": null, "ultrasound_heart": null, "plantometry": null, "cns_functional": null, "cns_level": null, "grv": null, "golden_ratio": null, "voltage_index": null, "spectral_analysis": null, "integral_indicator": null, "adaptive_capabilities": null, "functional_reserves": null}}, {"model": "registry.umo", "pk": 57, "fields": {"rest": null, "load": null, "ultrasound_heart": null, "plantometry": null, "cns_functional": null, "cns_level": null, "grv": null, "golden_ratio": null, "voltage_index": null, "spectral_analysis": null, "integral_indicator": null, "adaptive_capabilities": null, "functional_reserves": null}}, {"model": "registry.umo", "pk": 58, "fields": {"rest": null, "load": null, "ultrasound_heart": null, "plantometry": null, "cns_functional": null, "cns_level": null, "grv": null, "golden_ratio": null, "voltage_index": null, "spectral_analysis": null, "integral_indicator": null, "adaptive_capabilities": null, "functional_reserves": null}}, {"model": "registry.umo", "pk": 59, "fields": {"rest": null, "load": null, "ultrasound_heart": null, "plantometry": null, "cns_functional": null, "cns_level": null, "grv": null, "golden_ratio": null, "voltage_index": null, "spectral_analysis": null, "integral_indicator": null, "adaptive_capabilities": null, "functional_reserves": null}}, {"model": "registry.umo", "pk": 60, "fields": {"rest": null, "load": null, "ultrasound_heart": null, "plantometry": null, "cns_functional": null, "cns_level": null, "grv": null, "golden_ratio": null, "voltage_index": null, "spectral_analysis": null, "integral_indicator": null, "adaptive_capabilities": null, "functional_reserves": null}}, {"model": "registry.umo", "pk": 61, "fields": {"rest": null, "load": null, "ultrasound_heart": null, "plantometry": null, "cns_functional": null, "cns_level": null, "grv": null, "golden_ratio": null, "voltage_index": null, "spectral_analysis": null, "integral_indicator": null, "adaptive_capabilities": null, "functional_reserves": null}}, {"model": "registry.umo", "pk": 62, "fields": {"rest": null, "load": null, "ultrasound_heart": null, "plantometry": null, "cns_functional": null, "cns_level": null, "grv": null, "golden_ratio": null, "voltage_index": null, "spectral_analysis": null, "integral_indicator": null, "adaptive_capabilities": null, "functional_reserves": null}}, {"model": "registry.umo", "pk": 63, "fields": {"rest": null, "load": null, "ultrasound_heart": null, "plantometry": null, "cns_functional": null, "cns_level": null, "grv": null, "golden_ratio": null, "voltage_index": null, "spectral_analysis": null, "integral_indicator": null, "adaptive_capabilities": null, "functional_reserves": null}}, {"model": "registry.umo", "pk": 64, "fields": {"rest": null, "load": null, "ultrasound_heart": null, "plantometry": null, "cns_functional": null, "cns_level": null, "grv": null, "golden_ratio": null, "voltage_index": null, "spectral_analysis": null, "integral_indicator": null, "adaptive_capabilities": null, "functional_reserves": null}}, {"model": "registry.umo", "pk": 65, "fields": {"rest": null, "load": null, "ultrasound_heart": null, "plantometry": null, "cns_functional": null, "cns_level": null, "grv": null, "golden_ratio": null, "voltage_index": null, "spectral_analysis": null, "integral_indicator": null, "adaptive_capabilities": null, "functional_reserves": null}}, {"model": "registry.umo", "pk": 66, "fields": {"rest": null, "load": null, "ultrasound_heart": null, "plantometry": null, "cns_functional": null, "cns_level": null, "grv": null, "golden_ratio": null, "voltage_index": null, "spectral_analysis": null, "integral_indicator": null, "adaptive_capabilities": null, "functional_reserves": null}}, {"model": "registry.umo", "pk": 67, "fields": {"rest": null, "load": null, "ultrasound_heart": null, "plantometry": null, "cns_functional": null, "cns_level": null, "grv": null, "golden_ratio": null, "voltage_index": null, "spectral_analysis": null, "integral_indicator": null, "adaptive_capabilities": null, "functional_reserves": null}}, {"model": "registry.umo", "pk": 68, "fields": {"rest": null, "load": null, "ultrasound_heart": null, "plantometry": null, "cns_functional": null, "cns_level": null, "grv": null, "golden_ratio": null, "voltage_index": null, "spectral_analysis": null, "integral_indicator": null, "adaptive_capabilities": null, "functional_reserves": null}}, {"model": "registry.umo", "pk": 69, "fields": {"rest": null, "load": null, "ultrasound_heart": null, "plantometry": null, "cns_functional": null, "cns_level": null, "grv": null, "golden_ratio": null, "voltage_index": null, "spectral_analysis": null, "integral_indicator": null, "adaptive_capabilities": null, "functional_reserves": null}}, {"model": "registry.umo", "pk": 70, "fields": {"rest": null, "load": null, "ultrasound_heart": null, "plantometry": null, "cns_functional": null, "cns_level": null, "grv": null, "golden_ratio": null, "voltage_index": null, "spectral_analysis": null, "integral_indicator": null, "adaptive_capabilities": null, "functional_reserves": null}}, {"model": "registry.umo", "pk": 71, "fields": {"rest": null, "load": null, "ultrasound_heart": null, "plantometry": null, "cns_functional": null, "cns_level": null, "grv": null, "golden_ratio": null, "voltage_index": null, "spectral_analysis": null, "integral_indicator": null, "adaptive_capabilities": null, "functional_reserves": null}}, {"model": "registry.umo", "pk": 72, "fields": {"rest": null, "load": null, "ultrasound_heart": null, "plantometry": null, "cns_functional": null, "cns_level": null, "grv": null, "golden_ratio": null, "voltage_index": null, "spectral_analysis": null, "integral_indicator": null, "adaptive_capabilities": null, "functional_reserves": null}}, {"model": "registry.umo", "pk": 73, "fields": {"rest": null, "load": null, "ultrasound_heart": null, "plantometry": null, "cns_functional": null, "cns_level": null, "grv": null, "golden_ratio": null, "voltage_index": null, "spectral_analysis": null, "integral_indicator": null, "adaptive_capabilities": null, "functional_reserves": null}}, {"model": "registry.umo", "pk": 74, "fields": {"rest": null, "load": null, "ultrasound_heart": null, "plantometry": null, "cns_functional": null, "cns_level": null, "grv": null, "golden_ratio": null, "voltage_index": null, "spectral_analysis": null, "integral_indicator": null, "adaptive_capabilities": null, "functional_reserves": null}}, {"model": "registry.umo", "pk": 75, "fields": {"rest": null, "load": null, "ultrasound_heart": null, "plantometry": null, "cns_functional": null, "cns_level": null, "grv": null, "golden_ratio": null, "voltage_index": null, "spectral_analysis": null, "integral_indicator": null, "adaptive_capabilities": null, "functional_reserves": null}}, {"model": "registry.umo", "pk": 76, "fields": {"rest": null, "load": null, "ultrasound_heart": null, "plantometry": null, "cns_functional": null, "cns_level": null, "grv": null, "golden_ratio": null, "voltage_index": null, "spectral_analysis": null, "integral_indicator": null, "adaptive_capabilities": null, "functional_reserves": null}}, {"model": "registry.umo", "pk": 77, "fields": {"rest": null, "load": null, "ultrasound_heart": null, "plantometry": null, "cns_functional": null, "cns_level": null, "grv": null, "golden_ratio": null, "voltage_index": null, "spectral_analysis": null, "integral_indicator": null, "adaptive_capabilities": null, "functional_reserves": null}}, {"model": "registry.umo", "pk": 78, "fields": {"rest": null, "load": null, "ultrasound_heart": null, "plantometry": null, "cns_functional": null, "cns_level": null, "grv": null, "golden_ratio": null, "voltage_index": null, "spectral_analysis": null, "integral_indicator": null, "adaptive_capabilities": null, "functional_reserves": null}}, {"model": "registry.umo", "pk": 79, "fields": {"rest": null, "load": null, "ultrasound_heart": null, "plantometry": null, "cns_functional": null, "cns_level": null, "grv": null, "golden_ratio": null, "voltage_index": null, "spectral_analysis": null, "integral_indicator": null, "adaptive_capabilities": null, "functional_reserves": null}}, {"model": "registry.umo", "pk": 80, "fields": {"rest": null, "load": null, "ultrasound_heart": null, "plantometry": null, "cns_functional": null, "cns_level": null, "grv": null, "golden_ratio": null, "voltage_index": null, "spectral_analysis": null, "integral_indicator": null, "adaptive_capabilities": null, "functional_reserves": null}}, {"model": "registry.umo", "pk": 81, "fields": {"rest": null, "load": null, "ultrasound_heart": null, "plantometry": null, "cns_functional": null, "cns_level": null, "grv": null, "golden_ratio": null, "voltage_index": null, "spectral_analysis": null, "integral_indicator": null, "adaptive_capabilities": null, "functional_reserves": null}}, {"model": "registry.umo", "pk": 82, "fields": {"rest": null, "load": null, "ultrasound_heart": null, "plantometry": null, "cns_functional": null, "cns_level": null, "grv": null, "golden_ratio": null, "voltage_index": null, "spectral_analysis": null, "integral_indicator": null, "adaptive_capabilities": null, "functional_reserves": null}}, {"model": "registry.umo", "pk": 83, "fields": {"rest": null, "load": null, "ultrasound_heart": null, "plantometry": null, "cns_functional": null, "cns_level": null, "grv": null, "golden_ratio": null, "voltage_index": null, "spectral_analysis": null, "integral_indicator": null, "adaptive_capabilities": null, "functional_reserves": null}}, {"model": "registry.umo", "pk": 43, "fields": {"rest": null, "load": null, "ultrasound_heart": null, "plantometry": null, "cns_functional": null, "cns_level": null, "grv": null, "golden_ratio": null, "voltage_index": null, "spectral_analysis": null, "integral_indicator": null, "adaptive_capabilities": null, "functional_reserves": null}}, {"model": "registry.umo", "pk": 44, "fields": {"rest": null, "load": null, "ultrasound_heart": null, "plantometry": null, "cns_functional": null, "cns_level": null, "grv": null, "golden_ratio": null, "voltage_index": null, "spectral_analysis": null, "integral_indicator": null, "adaptive_capabilities": null, "functional_reserves": null}}, {"model": "registry.umo", "pk": 45, "fields": {"rest": null, "load": null, "ultrasound_heart": null, "plantometry": null, "cns_functional": null, "cns_level": null, "grv": null, "golden_ratio": null, "voltage_index": null, "spectral_analysis": null, "integral_indicator": null, "adaptive_capabilities": null, "functional_reserves": null}}, {"model": "auth.permission", "pk": 1, "fields": {"name": "Can add log entry", "content_type": 1, "codename": "add_logentry"}}, {"model": "auth.permission", "pk": 2, "fields": {"name": "Can change log entry", "content_type": 1, "codename": "change_logentry"}}, {"model": "auth.permission", "pk": 3, "fields": {"name": "Can delete log entry", "content_type": 1, "codename": "delete_logentry"}}, {"model": "auth.permission", "pk": 4, "fields": {"name": "Can view log entry", "content_type": 1, "codename": "view_logentry"}}, {"model": "auth.permission", "pk": 5, "fields": {"name": "Can add permission", "content_type": 2, "codename": "add_permission"}}, {"model": "auth.permission", "pk": 6, "fields": {"name": "Can change permission", "content_type": 2, "codename": "change_permission"}}, {"model": "auth.permission", "pk": 7, "fields": {"name": "Can delete permission", "content_type": 2, "codename": "delete_permission"}}, {"model": "auth.permission", "pk": 8, "fields": {"name": "Can view permission", "content_type": 2, "codename": "view_permission"}}, {"model": "auth.permission", "pk": 9, "fields": {"name": "Can add group", "content_type": 3, "codename": "add_group"}}, {"model": "auth.permission", "pk": 10, "fields": {"name": "Can change group", "content_type": 3, "codename": "change_group"}}, {"model": "auth.permission", "pk": 11, "fields": {"name": "Can delete group", "content_type": 3, "codename": "delete_group"}}, {"model": "auth.permission", "pk": 12, "fields": {"name": "Can view group", "content_type": 3, "codename": "view_group"}}, {"model": "auth.permission", "pk": 13, "fields": {"name": "Can add user", "content_type": 4, "codename": "add_user"}}, {"model": "auth.permission", "pk": 14, "fields": {"name": "Can change user", "content_type": 4, "codename": "change_user"}}, {"model": "auth.permission", "pk": 15, "fields": {"name": "Can delete user", "content_type": 4, "codename": "delete_user"}}, {"model": "auth.permission", "pk": 16, "fields": {"name": "Can view user", "content_type": 4, "codename": "view_user"}}, {"model": "auth.permission", "pk": 17, "fields": {"name": "Can add content type", "content_type": 5, "codename": "add_contenttype"}}, {"model": "auth.permission", "pk": 18, "fields": {"name": "Can change content type", "content_type": 5, "codename": "change_contenttype"}}, {"model": "auth.permission", "pk": 19, "fields": {"name": "Can delete content type", "content_type": 5, "codename": "delete_contenttype"}}, {"model": "auth.permission", "pk": 20, "fields": {"name": "Can view content type", "content_type": 5, "codename": "view_contenttype"}}, {"model": "auth.permission", "pk": 21, "fields": {"name": "Can add session", "content_type": 6, "codename": "add_session"}}, {"model": "auth.permission", "pk": 22, "fields": {"name": "Can change session", "content_type": 6, "codename": "change_session"}}, {"model": "auth.permission", "pk": 23, "fields": {"name": "Can delete session", "content_type": 6, "codename": "delete_session"}}, {"model": "auth.permission", "pk": 24, "fields": {"name": "Can view session", "content_type": 6, "codename": "view_session"}}, {"model": "auth.permission", "pk": 25, "fields": {"name": "Can add site", "content_type": 7, "codename": "add_site"}}, {"model": "auth.permission", "pk": 26, "fields": {"name": "Can change site", "content_type": 7, "codename": "change_site"}}, {"model": "auth.permission", "pk": 27, "fields": {"name": "Can delete site", "content_type": 7, "codename": "delete_site"}}, {"model": "auth.permission", "pk": 28, "fields": {"name": "Can view site", "content_type": 7, "codename": "view_site"}}, {"model": "auth.permission", "pk": 29, "fields": {"name": "Can add flat page", "content_type": 8, "codename": "add_flatpage"}}, {"model": "auth.permission", "pk": 30, "fields": {"name": "Can change flat page", "content_type": 8, "codename": "change_flatpage"}}, {"model": "auth.permission", "pk": 31, "fields": {"name": "Can delete flat page", "content_type": 8, "codename": "delete_flatpage"}}, {"model": "auth.permission", "pk": 32, "fields": {"name": "Can view flat page", "content_type": 8, "codename": "view_flatpage"}}, {"model": "auth.permission", "pk": 33, "fields": {"name": "Can add \u0422\u0440\u0435\u043d\u0435\u0440", "content_type": 9, "codename": "add_coach"}}, {"model": "auth.permission", "pk": 34, "fields": {"name": "Can change \u0422\u0440\u0435\u043d\u0435\u0440", "content_type": 9, "codename": "change_coach"}}, {"model": "auth.permission", "pk": 35, "fields": {"name": "Can delete \u0422\u0440\u0435\u043d\u0435\u0440", "content_type": 9, "codename": "delete_coach"}}, {"model": "auth.permission", "pk": 36, "fields": {"name": "Can view \u0422\u0440\u0435\u043d\u0435\u0440", "content_type": 9, "codename": "view_coach"}}, {"model": "auth.permission", "pk": 37, "fields": {"name": "Can add \u041f\u0440\u0435\u0434\u0441\u0442\u0430\u0432\u0438\u0442\u0435\u043b\u044c", "content_type": 10, "codename": "add_parent"}}, {"model": "auth.permission", "pk": 38, "fields": {"name": "Can change \u041f\u0440\u0435\u0434\u0441\u0442\u0430\u0432\u0438\u0442\u0435\u043b\u044c", "content_type": 10, "codename": "change_parent"}}, {"model": "auth.permission", "pk": 39, "fields": {"name": "Can delete \u041f\u0440\u0435\u0434\u0441\u0442\u0430\u0432\u0438\u0442\u0435\u043b\u044c", "content_type": 10, "codename": "delete_parent"}}, {"model": "auth.permission", "pk": 40, "fields": {"name": "Can view \u041f\u0440\u0435\u0434\u0441\u0442\u0430\u0432\u0438\u0442\u0435\u043b\u044c", "content_type": 10, "codename": "view_parent"}}, {"model": "auth.permission", "pk": 41, "fields": {"name": "Can add \u0420\u0430\u0437\u0440\u044f\u0434", "content_type": 11, "codename": "add_rank"}}, {"model": "auth.permission", "pk": 42, "fields": {"name": "Can change \u0420\u0430\u0437\u0440\u044f\u0434", "content_type": 11, "codename": "change_rank"}}, {"model": "auth.permission", "pk": 43, "fields": {"name": "Can delete \u0420\u0430\u0437\u0440\u044f\u0434", "content_type": 11, "codename": "delete_rank"}}, {"model": "auth.permission", "pk": 44, "fields": {"name": "Can view \u0420\u0430\u0437\u0440\u044f\u0434", "content_type": 11, "codename": "view_rank"}}, {"model": "auth.permission", "pk": 45, "fields": {"name": "Can add \u0412\u0438\u0434 \u0441\u043f\u043e\u0440\u0442\u0430", "content_type": 12, "codename": "add_sport_type"}}, {"model": "auth.permission", "pk": 46, "fields": {"name": "Can change \u0412\u0438\u0434 \u0441\u043f\u043e\u0440\u0442\u0430", "content_type": 12, "codename": "change_sport_type"}}, {"model": "auth.permission", "pk": 47, "fields": {"name": "Can delete \u0412\u0438\u0434 \u0441\u043f\u043e\u0440\u0442\u0430", "content_type": 12, "codename": "delete_sport_type"}}, {"model": "auth.permission", "pk": 48, "fields": {"name": "Can view \u0412\u0438\u0434 \u0441\u043f\u043e\u0440\u0442\u0430", "content_type": 12, "codename": "view_sport_type"}}, {"model": "auth.permission", "pk": 49, "fields": {"name": "Can add \u0421\u043f\u043e\u0440\u0442\u0441\u043c\u0435\u043d", "content_type": 13, "codename": "add_sportsman"}}, {"model": "auth.permission", "pk": 50, "fields": {"name": "Can change \u0421\u043f\u043e\u0440\u0442\u0441\u043c\u0435\u043d", "content_type": 13, "codename": "change_sportsman"}}, {"model": "auth.permission", "pk": 51, "fields": {"name": "Can delete \u0421\u043f\u043e\u0440\u0442\u0441\u043c\u0435\u043d", "content_type": 13, "codename": "delete_sportsman"}}, {"model": "auth.permission", "pk": 52, "fields": {"name": "Can view \u0421\u043f\u043e\u0440\u0442\u0441\u043c\u0435\u043d", "content_type": 13, "codename": "view_sportsman"}}, {"model": "auth.permission", "pk": 53, "fields": {"name": "Can add \u041e\u0431\u0441\u043b\u0435\u0434\u043e\u0432\u0430\u043d\u0438\u0435", "content_type": 14, "codename": "add_survey"}}, {"model": "auth.permission", "pk": 54, "fields": {"name": "Can change \u041e\u0431\u0441\u043b\u0435\u0434\u043e\u0432\u0430\u043d\u0438\u0435", "content_type": 14, "codename": "change_survey"}}, {"model": "auth.permission", "pk": 55, "fields": {"name": "Can delete \u041e\u0431\u0441\u043b\u0435\u0434\u043e\u0432\u0430\u043d\u0438\u0435", "content_type": 14, "codename": "delete_survey"}}, {"model": "auth.permission", "pk": 56, "fields": {"name": "Can view \u041e\u0431\u0441\u043b\u0435\u0434\u043e\u0432\u0430\u043d\u0438\u0435", "content_type": 14, "codename": "view_survey"}}, {"model": "auth.permission", "pk": 57, "fields": {"name": "Can add \u0423\u041c\u041e", "content_type": 15, "codename": "add_umo"}}, {"model": "auth.permission", "pk": 58, "fields": {"name": "Can change \u0423\u041c\u041e", "content_type": 15, "codename": "change_umo"}}, {"model": "auth.permission", "pk": 59, "fields": {"name": "Can delete \u0423\u041c\u041e", "content_type": 15, "codename": "delete_umo"}}, {"model": "auth.permission", "pk": 60, "fields": {"name": "Can view \u0423\u041c\u041e", "content_type": 15, "codename": "view_umo"}}, {"model": "auth.permission", "pk": 61, "fields": {"name": "Can add \u041f\u0435\u0440\u0432\u0438\u0447\u043d\u043e\u0435", "content_type": 16, "codename": "add_primary"}}, {"model": "auth.permission", "pk": 62, "fields": {"name": "Can change \u041f\u0435\u0440\u0432\u0438\u0447\u043d\u043e\u0435", "content_type": 16, "codename": "change_primary"}}, {"model": "auth.permission", "pk": 63, "fields": {"name": "Can delete \u041f\u0435\u0440\u0432\u0438\u0447\u043d\u043e\u0435", "content_type": 16, "codename": "delete_primary"}}, {"model": "auth.permission", "pk": 64, "fields": {"name": "Can view \u041f\u0435\u0440\u0432\u0438\u0447\u043d\u043e\u0435", "content_type": 16, "codename": "view_primary"}}, {"model": "auth.user", "pk": 1, "fields": {"password": "pbkdf2_sha256$150000$LmvKiUbchEGn$EWSZwDCYtbY9y//sXtAWMUTt+cvppDIRH+E0aNSDj/Y=", "last_login": "2019-11-16T15:27:41.239Z", "is_superuser": true, "username": "admin", "first_name": "\u0418\u0432\u0430\u043d", "last_name": "\u0424\u0435\u0434\u043e\u0440\u043e\u0432", "email": "lolexample@example.ru", "is_staff": true, "is_active": true, "date_joined": "2019-11-07T21:49:38Z", "groups": [], "user_permissions": []}}, {"model": "admin.logentry", "pk": 1, "fields": {"action_time": "2019-11-07T21:58:51.441Z", "user": 1, "content_type": 4, "object_id": "1", "object_repr": "admin", "action_flag": 2, "change_message": "[{\"changed\": {\"fields\": [\"first_name\", \"last_name\", \"email\"]}}]"}}, {"model": "admin.logentry", "pk": 2, "fields": {"action_time": "2019-11-07T23:18:23.483Z", "user": 1, "content_type": 16, "object_id": "84", "object_repr": "None \u041a\u0438\u0449\u0435\u043d\u043a\u043e \u0415\u0432\u0433\u0435\u043d\u0438\u0439 \u0410\u043d\u0434\u0440\u0435\u0435\u0432\u0438\u0447", "action_flag": 2, "change_message": "[{\"changed\": {\"fields\": [\"date\"]}}]"}}, {"model": "admin.logentry", "pk": 3, "fields": {"action_time": "2019-11-07T23:19:01.382Z", "user": 1, "content_type": 16, "object_id": "1", "object_repr": "2018-03-29 \u041a\u0438\u0449\u0435\u043d\u043a\u043e \u0415\u0432\u0433\u0435\u043d\u0438\u0439 \u0410\u043d\u0434\u0440\u0435\u0435\u0432\u0438\u0447", "action_flag": 2, "change_message": "[{\"changed\": {\"fields\": [\"stage\"]}}]"}}, {"model": "admin.logentry", "pk": 4, "fields": {"action_time": "2019-11-07T23:26:46.529Z", "user": 1, "content_type": 16, "object_id": "86", "object_repr": "None \u041a\u0438\u0449\u0435\u043d\u043a\u043e \u0415\u0432\u0433\u0435\u043d\u0438\u0439 \u0410\u043d\u0434\u0440\u0435\u0435\u0432\u0438\u0447", "action_flag": 2, "change_message": "[]"}}]